date,open,day
2018-06-06 00:00:00+00:00,192.94083333333333,Wednesday
2018-06-07 00:00:00+00:00,193.36928571428572,Thursday
2018-06-08 00:00:00+00:00,191.26857142857145,Friday
2018-06-09 00:00:00+00:00,191.51,Saturday
2018-06-10 00:00:00+00:00,191.21666666666667,Sunday
2018-06-11 00:00:00+00:00,191.21666666666667,Monday
2018-06-12 00:00:00+00:00,191.58714285714285,Tuesday
2018-06-13 00:00:00+00:00,192.2242857142857,Wednesday
2018-06-14 00:00:00+00:00,190.76571428571427,Thursday
2018-06-15 00:00:00+00:00,189.24857142857144,Friday
2018-06-16 00:00:00+00:00,189.07,Saturday
2018-06-17 00:00:00+00:00,188.78416666666666,Sunday
2018-06-18 00:00:00+00:00,188.78416666666666,Monday
2018-06-19 00:00:00+00:00,185.77,Tuesday
2018-06-20 00:00:00+00:00,186.46714285714285,Wednesday
2018-06-21 00:00:00+00:00,186.1692857142857,Thursday
2018-06-22 00:00:00+00:00,185.58285714285714,Friday
2018-06-23 00:00:00+00:00,185.015,Saturday
2018-06-24 00:00:00+00:00,182.16666666666666,Sunday
2018-06-25 00:00:00+00:00,182.16666666666666,Monday
2018-06-26 00:00:00+00:00,184.79142857142855,Tuesday
2018-06-27 00:00:00+00:00,185.60928571428573,Wednesday
2018-06-28 00:00:00+00:00,185.155,Thursday
2018-06-29 00:00:00+00:00,186.18071428571426,Friday
2018-06-30 00:00:00+00:00,185.35,Saturday
2018-07-01 00:00:00+00:00,186.26416666666668,Sunday
2018-07-02 00:00:00+00:00,186.26416666666668,Monday
2018-07-03 00:00:00+00:00,185.46714285714285,Tuesday
2018-07-04 00:00:00+00:00,183.64000000000001,Wednesday
2018-07-05 00:00:00+00:00,185.20000000000002,Thursday
2018-07-06 00:00:00+00:00,187.1057142857143,Friday
2018-07-07 00:00:00+00:00,187.97,Saturday
2018-07-08 00:00:00+00:00,190.24166666666667,Sunday
2018-07-09 00:00:00+00:00,190.24166666666667,Monday
2018-07-10 00:00:00+00:00,190.76500000000001,Tuesday
2018-07-11 00:00:00+00:00,188.65785714285715,Wednesday
2018-07-12 00:00:00+00:00,190.29999999999998,Thursday
2018-07-13 00:00:00+00:00,191.36142857142858,Friday
2018-07-14 00:00:00+00:00,191.33,Saturday
2018-07-15 00:00:00+00:00,191.1833333333333,Sunday
2018-07-16 00:00:00+00:00,191.1833333333333,Monday
2018-07-17 00:00:00+00:00,190.87071428571429,Tuesday
2018-07-18 00:00:00+00:00,190.45357142857142,Wednesday
2018-07-19 00:00:00+00:00,191.77642857142857,Thursday
2018-07-20 00:00:00+00:00,191.89285714285714,Friday
2018-07-21 00:00:00+00:00,190.8,Saturday
2018-07-22 00:00:00+00:00,190.87166666666667,Sunday
2018-07-23 00:00:00+00:00,190.87166666666667,Monday
2018-07-24 00:00:00+00:00,192.63714285714286,Tuesday
2018-07-25 00:00:00+00:00,193.4,Wednesday
2018-07-26 00:00:00+00:00,194.79285714285714,Thursday
2018-07-27 00:00:00+00:00,192.79142857142855,Friday
2018-07-28 00:00:00+00:00,190.98,Saturday
2018-07-29 00:00:00+00:00,189.8033333333333,Sunday
2018-07-30 00:00:00+00:00,189.8033333333333,Monday
2018-07-31 00:00:00+00:00,190.67499999999998,Tuesday
2018-08-01 00:00:00+00:00,198.55285714285714,Wednesday
2018-08-02 00:00:00+00:00,205.65714285714284,Thursday
2018-08-03 00:00:00+00:00,207.51999999999998,Friday
2018-08-04 00:00:00+00:00,207.96,Saturday
2018-08-05 00:00:00+00:00,208.42666666666665,Sunday
2018-08-06 00:00:00+00:00,208.42666666666665,Monday
2018-08-07 00:00:00+00:00,207.72571428571428,Tuesday
2018-08-08 00:00:00+00:00,207.03714285714287,Wednesday
2018-08-09 00:00:00+00:00,208.86928571428572,Thursday
2018-08-10 00:00:00+00:00,207.82714285714286,Friday
2018-08-11 00:00:00+00:00,207.53,Saturday
2018-08-12 00:00:00+00:00,209.51916666666668,Sunday
2018-08-13 00:00:00+00:00,209.51916666666668,Monday
2018-08-14 00:00:00+00:00,209.3657142857143,Tuesday
2018-08-15 00:00:00+00:00,209.17285714285714,Wednesday
2018-08-16 00:00:00+00:00,212.5797142857143,Thursday
2018-08-17 00:00:00+00:00,215.8842857142857,Friday
2018-08-18 00:00:00+00:00,217.58,Saturday
2018-08-19 00:00:00+00:00,216.10916666666665,Sunday
2018-08-20 00:00:00+00:00,216.10916666666665,Monday
2018-08-21 00:00:00+00:00,215.87142857142857,Tuesday
2018-08-22 00:00:00+00:00,215.26571428571427,Wednesday
2018-08-23 00:00:00+00:00,215.9557142857143,Thursday
2018-08-24 00:00:00+00:00,215.965,Friday
2018-08-25 00:00:00+00:00,216.16,Saturday
2018-08-26 00:00:00+00:00,218.0575,Sunday
2018-08-27 00:00:00+00:00,218.0575,Monday
2018-08-28 00:00:00+00:00,219.51642857142858,Tuesday
2018-08-29 00:00:00+00:00,221.46142857142857,Wednesday
2018-08-30 00:00:00+00:00,224.68071428571426,Thursday
2018-08-31 00:00:00+00:00,227.39499999999998,Friday
2018-09-01 00:00:00+00:00,227.63,Saturday
2018-09-02 00:00:00+00:00,227.63,Sunday
2018-09-03 00:00:00+00:00,227.63,Monday
2018-09-04 00:00:00+00:00,228.00428571428571,Tuesday
2018-09-05 00:00:00+00:00,227.43571428571428,Wednesday
2018-09-06 00:00:00+00:00,224.07285714285715,Thursday
2018-09-07 00:00:00+00:00,224.25214285714287,Friday
2018-09-08 00:00:00+00:00,221.3,Saturday
2018-09-09 00:00:00+00:00,218.26,Sunday
2018-09-10 00:00:00+00:00,218.26,Monday
2018-09-11 00:00:00+00:00,221.6942857142857,Tuesday
2018-09-12 00:00:00+00:00,221.29714285714286,Wednesday
2018-09-13 00:00:00+00:00,225.355,Thursday
2018-09-14 00:00:00+00:00,224.725,Friday
2018-09-15 00:00:00+00:00,223.84,Saturday
2018-09-16 00:00:00+00:00,219.9958333333333,Sunday
2018-09-17 00:00:00+00:00,219.9958333333333,Monday
2018-09-18 00:00:00+00:00,219.2707142857143,Tuesday
2018-09-19 00:00:00+00:00,217.43428571428572,Wednesday
2018-09-20 00:00:00+00:00,220.62142857142857,Thursday
2018-09-21 00:00:00+00:00,219.26,Friday
2018-09-22 00:00:00+00:00,217.66,Saturday
2018-09-23 00:00:00+00:00,219.49166666666667,Sunday
2018-09-24 00:00:00+00:00,219.49166666666667,Monday
2018-09-25 00:00:00+00:00,221.50857142857143,Tuesday
2018-09-26 00:00:00+00:00,222.51142857142855,Wednesday
2018-09-27 00:00:00+00:00,224.75428571428571,Thursday
2018-09-28 00:00:00+00:00,225.09285714285716,Friday
2018-09-29 00:00:00+00:00,225.74,Saturday
2018-09-30 00:00:00+00:00,228.16666666666666,Sunday
2018-10-01 00:00:00+00:00,228.16666666666666,Monday
2018-10-02 00:00:00+00:00,229.11357142857145,Tuesday
2018-10-03 00:00:00+00:00,232.0064285714286,Wednesday
2018-10-04 00:00:00+00:00,229.04357142857143,Thursday
2018-10-05 00:00:00+00:00,225.00214285714287,Friday
2018-10-06 00:00:00+00:00,224.29,Saturday
2018-10-07 00:00:00+00:00,222.4125,Sunday
2018-10-08 00:00:00+00:00,222.4125,Monday
2018-10-09 00:00:00+00:00,225.48499999999999,Tuesday
2018-10-10 00:00:00+00:00,223.4385714285714,Wednesday
2018-10-11 00:00:00+00:00,216.6442857142857,Thursday
2018-10-12 00:00:00+00:00,218.715,Friday
2018-10-13 00:00:00+00:00,222.11,Saturday
2018-10-14 00:00:00+00:00,218.89,Sunday
2018-10-15 00:00:00+00:00,218.89,Monday
2018-10-16 00:00:00+00:00,219.46,Tuesday
2018-10-17 00:00:00+00:00,221.14857142857142,Wednesday
2018-10-18 00:00:00+00:00,217.73,Thursday
2018-10-19 00:00:00+00:00,219.0192857142857,Friday
2018-10-20 00:00:00+00:00,219.31,Saturday
2018-10-21 00:00:00+00:00,221.27916666666667,Sunday
2018-10-22 00:00:00+00:00,221.27916666666667,Monday
2018-10-23 00:00:00+00:00,218.51500000000001,Tuesday
2018-10-24 00:00:00+00:00,221.00357142857143,Wednesday
2018-10-25 00:00:00+00:00,218.8307142857143,Thursday
2018-10-26 00:00:00+00:00,216.95285714285714,Friday
2018-10-27 00:00:00+00:00,216.3,Saturday
2018-10-28 00:00:00+00:00,216.58083333333335,Sunday
2018-10-29 00:00:00+00:00,216.58083333333335,Monday
2018-10-30 00:00:00+00:00,212.93928571428572,Tuesday
2018-10-31 00:00:00+00:00,218.15357142857144,Wednesday
2018-11-01 00:00:00+00:00,218.91714285714286,Thursday
2018-11-02 00:00:00+00:00,209.64642857142857,Friday
2018-11-03 00:00:00+00:00,207.48,Saturday
2018-11-04 00:00:00+00:00,201.06,Sunday
2018-11-05 00:00:00+00:00,201.06,Monday
2018-11-06 00:00:00+00:00,202.3842857142857,Tuesday
2018-11-07 00:00:00+00:00,204.92000000000002,Wednesday
2018-11-08 00:00:00+00:00,208.10357142857143,Thursday
2018-11-09 00:00:00+00:00,205.8542857142857,Friday
2018-11-10 00:00:00+00:00,203.60666666666665,Saturday
2018-11-11 00:00:00+00:00,195.62625,Sunday
2018-11-12 00:00:00+00:00,195.62625,Monday
2018-11-13 00:00:00+00:00,194.555,Tuesday
2018-11-14 00:00:00+00:00,190.91,Wednesday
2018-11-15 00:00:00+00:00,188.2657142857143,Thursday
2018-11-16 00:00:00+00:00,192.40928571428572,Friday
2018-11-17 00:00:00+00:00,193.44500000000002,Saturday
2018-11-18 00:00:00+00:00,187.1225,Sunday
2018-11-19 00:00:00+00:00,187.1225,Monday
2018-11-20 00:00:00+00:00,182.5007142857143,Tuesday
2018-11-21 00:00:00+00:00,177.78357142857143,Wednesday
2018-11-22 00:00:00+00:00,177.15071428571426,Thursday
2018-11-23 00:00:00+00:00,175.03785714285712,Friday
2018-11-24 00:00:00+00:00,172.29,Saturday
2018-11-25 00:00:00+00:00,172.92625,Sunday
2018-11-26 00:00:00+00:00,172.92625,Monday
2018-11-27 00:00:00+00:00,173.52285714285716,Tuesday
2018-11-28 00:00:00+00:00,175.38642857142855,Wednesday
2018-11-29 00:00:00+00:00,179.51214285714286,Thursday
2018-11-30 00:00:00+00:00,178.87000000000003,Friday
2018-12-01 00:00:00+00:00,177.98666666666668,Saturday
2018-12-02 00:00:00+00:00,181.71375,Sunday
2018-12-03 00:00:00+00:00,181.71375,Monday
2018-12-04 00:00:00+00:00,181.66857142857143,Tuesday
2018-12-05 00:00:00+00:00,176.93571428571428,Wednesday
2018-12-06 00:00:00+00:00,174.09857142857143,Thursday
2018-12-07 00:00:00+00:00,172.62928571428571,Friday
2018-12-08 00:00:00+00:00,169.08833333333334,Saturday
2018-12-09 00:00:00+00:00,165.9125,Sunday
2018-12-10 00:00:00+00:00,165.9125,Monday
2018-12-11 00:00:00+00:00,168.9892857142857,Tuesday
2018-12-12 00:00:00+00:00,169.82285714285715,Wednesday
2018-12-13 00:00:00+00:00,170.57714285714286,Thursday
2018-12-14 00:00:00+00:00,168.58857142857144,Friday
2018-12-15 00:00:00+00:00,166.275,Saturday
2018-12-16 00:00:00+00:00,167.07625000000002,Sunday
2018-12-17 00:00:00+00:00,167.07625000000002,Monday
2018-12-18 00:00:00+00:00,165.35142857142858,Tuesday
2018-12-19 00:00:00+00:00,166.25142857142856,Wednesday
2018-12-20 00:00:00+00:00,161.34071428571428,Thursday
2018-12-21 00:00:00+00:00,156.01857142857145,Friday
2018-12-22 00:00:00+00:00,151.96166666666667,Saturday
2018-12-23 00:00:00+00:00,148.76375000000002,Sunday
2018-12-24 00:00:00+00:00,148.76375000000002,Monday
2018-12-25 00:00:00+00:00,147.17,Tuesday
2018-12-26 00:00:00+00:00,148.54285714285714,Wednesday
2018-12-27 00:00:00+00:00,153.28142857142856,Thursday
2018-12-28 00:00:00+00:00,154.8342857142857,Friday
2018-12-29 00:00:00+00:00,156.89,Saturday
2018-12-30 00:00:00+00:00,157.85625,Sunday
2018-12-31 00:00:00+00:00,157.85625,Monday
2019-01-01 00:00:00+00:00,157.655,Tuesday
2019-01-02 00:00:00+00:00,157.20642857142857,Wednesday
2019-01-03 00:00:00+00:00,150.23571428571427,Thursday
2019-01-04 00:00:00+00:00,144.97357142857143,Friday
2019-01-05 00:00:00+00:00,147.76666666666665,Saturday
2019-01-06 00:00:00+00:00,147.55625,Sunday
2019-01-07 00:00:00+00:00,147.55625,Monday
2019-01-08 00:00:00+00:00,148.47714285714287,Tuesday
2019-01-09 00:00:00+00:00,152.2564285714286,Wednesday
2019-01-10 00:00:00+00:00,153.035,Thursday
2019-01-11 00:00:00+00:00,152.8957142857143,Friday
2019-01-12 00:00:00+00:00,152.025,Saturday
2019-01-13 00:00:00+00:00,150.04250000000002,Sunday
2019-01-14 00:00:00+00:00,150.04250000000002,Monday
2019-01-15 00:00:00+00:00,151.24428571428572,Tuesday
2019-01-16 00:00:00+00:00,154.1057142857143,Wednesday
2019-01-17 00:00:00+00:00,154.49714285714285,Thursday
2019-01-18 00:00:00+00:00,156.3685714285714,Friday
2019-01-19 00:00:00+00:00,156.98166666666665,Saturday
2019-01-20 00:00:00+00:00,156.82,Sunday
2019-01-21 00:00:00+00:00,156.82,Monday
2019-01-22 00:00:00+00:00,155.76500000000001,Tuesday
2019-01-23 00:00:00+00:00,153.53285714285715,Wednesday
2019-01-24 00:00:00+00:00,153.122,Thursday
2019-01-25 00:00:00+00:00,154.8757142857143,Friday
2019-01-26 00:00:00+00:00,157.65666666666667,Saturday
2019-01-27 00:00:00+00:00,154.62125,Sunday
2019-01-28 00:00:00+00:00,154.62125,Monday
2019-01-29 00:00:00+00:00,156.35285714285715,Tuesday
2019-01-30 00:00:00+00:00,159.13785714285717,Wednesday
2019-01-31 00:00:00+00:00,166.55428571428573,Thursday
2019-02-01 00:00:00+00:00,167.26285714285714,Friday
2019-02-02 00:00:00+00:00,166.54166666666666,Saturday
2019-02-03 00:00:00+00:00,170.495,Sunday
2019-02-04 00:00:00+00:00,170.495,Monday
2019-02-05 00:00:00+00:00,172.94214285714287,Tuesday
2019-02-06 00:00:00+00:00,174.1864285714286,Wednesday
2019-02-07 00:00:00+00:00,172.96571428571428,Thursday
2019-02-08 00:00:00+00:00,170.30214285714285,Friday
2019-02-09 00:00:00+00:00,170.25833333333333,Saturday
2019-02-10 00:00:00+00:00,170.22125,Sunday
2019-02-11 00:00:00+00:00,170.22125,Monday
2019-02-12 00:00:00+00:00,169.85642857142855,Tuesday
2019-02-13 00:00:00+00:00,170.90928571428572,Wednesday
2019-02-14 00:00:00+00:00,170.68571428571428,Thursday
2019-02-15 00:00:00+00:00,170.51142857142855,Friday
2019-02-16 00:00:00+00:00,170.28666666666666,Saturday
2019-02-17 00:00:00+00:00,170.41,Sunday
2019-02-18 00:00:00+00:00,170.41,Monday
2019-02-19 00:00:00+00:00,170.4,Tuesday
2019-02-20 00:00:00+00:00,171.7507142857143,Wednesday
2019-02-21 00:00:00+00:00,171.68214285714288,Thursday
2019-02-22 00:00:00+00:00,171.73,Friday
2019-02-23 00:00:00+00:00,172.40333333333334,Saturday
2019-02-24 00:00:00+00:00,175.11124999999998,Sunday
2019-02-25 00:00:00+00:00,175.11124999999998,Monday
2019-02-26 00:00:00+00:00,174.35857142857142,Tuesday
2019-02-27 00:00:00+00:00,174.07214285714286,Wednesday
2019-02-28 00:00:00+00:00,174.32714285714286,Thursday
2019-03-01 00:00:00+00:00,173.83142857142857,Friday
2019-03-02 00:00:00+00:00,174.79833333333332,Saturday
2019-03-03 00:00:00+00:00,176.04749999999999,Sunday
2019-03-04 00:00:00+00:00,176.04749999999999,Monday
2019-03-05 00:00:00+00:00,175.375,Tuesday
2019-03-06 00:00:00+00:00,175.19214285714287,Wednesday
2019-03-07 00:00:00+00:00,173.98785714285714,Thursday
2019-03-08 00:00:00+00:00,172.11214285714286,Friday
2019-03-09 00:00:00+00:00,172.41,Saturday
2019-03-10 00:00:00+00:00,178.3841666666667,Sunday
2019-03-11 00:00:00+00:00,178.3841666666667,Monday
2019-03-12 00:00:00+00:00,180.95857142857145,Tuesday
2019-03-13 00:00:00+00:00,181.90214285714288,Wednesday
2019-03-14 00:00:00+00:00,183.26857142857142,Thursday
2019-03-15 00:00:00+00:00,185.94642857142858,Friday
2019-03-16 00:00:00+00:00,186.195,Saturday
2019-03-17 00:00:00+00:00,187.76250000000002,Sunday
2019-03-18 00:00:00+00:00,187.76250000000002,Monday
2019-03-19 00:00:00+00:00,187.65,Tuesday
2019-03-20 00:00:00+00:00,186.8942857142857,Wednesday
2019-03-21 00:00:00+00:00,193.78857142857143,Thursday
2019-03-22 00:00:00+00:00,193.68357142857144,Friday
2019-03-23 00:00:00+00:00,190.97,Saturday
2019-03-24 00:00:00+00:00,188.91833333333332,Sunday
2019-03-25 00:00:00+00:00,188.91833333333332,Monday
2019-03-26 00:00:00+00:00,190.1757142857143,Tuesday
2019-03-27 00:00:00+00:00,188.09357142857144,Wednesday
2019-03-28 00:00:00+00:00,188.36714285714285,Thursday
2019-03-29 00:00:00+00:00,189.21857142857144,Friday
2019-03-30 00:00:00+00:00,189.94,Saturday
2019-03-31 00:00:00+00:00,190.38333333333333,Sunday
2019-04-01 00:00:00+00:00,190.38333333333333,Monday
2019-04-02 00:00:00+00:00,192.6692857142857,Tuesday
2019-04-03 00:00:00+00:00,195.22357142857143,Wednesday
2019-04-04 00:00:00+00:00,195.69642857142858,Thursday
2019-04-05 00:00:00+00:00,196.45428571428573,Friday
2019-04-06 00:00:00+00:00,197.0,Saturday
2019-04-07 00:00:00+00:00,199.07750000000001,Sunday
2019-04-08 00:00:00+00:00,199.07750000000001,Monday
2019-04-09 00:00:00+00:00,201.05571428571426,Tuesday
2019-04-10 00:00:00+00:00,199.44785714285715,Wednesday
2019-04-11 00:00:00+00:00,200.05714285714288,Thursday
2019-04-12 00:00:00+00:00,198.32071428571427,Friday
2019-04-13 00:00:00+00:00,198.8,Saturday
2019-04-14 00:00:00+00:00,198.8225,Sunday
2019-04-15 00:00:00+00:00,198.8225,Monday
2019-04-16 00:00:00+00:00,199.86928571428572,Tuesday
2019-04-17 00:00:00+00:00,201.5407142857143,Wednesday
2019-04-18 00:00:00+00:00,203.41071428571428,Thursday
2019-04-19 00:00:00+00:00,203.85999999999999,Friday
2019-04-20 00:00:00+00:00,203.86,Saturday
2019-04-21 00:00:00+00:00,204.34916666666666,Sunday
2019-04-22 00:00:00+00:00,204.34916666666666,Monday
2019-04-23 00:00:00+00:00,206.34714285714287,Tuesday
2019-04-24 00:00:00+00:00,207.63214285714284,Wednesday
2019-04-25 00:00:00+00:00,206.37357142857144,Thursday
2019-04-26 00:00:00+00:00,204.08357142857145,Friday
2019-04-27 00:00:00+00:00,204.3,Saturday
2019-04-28 00:00:00+00:00,204.975,Sunday
2019-04-29 00:00:00+00:00,204.975,Monday
2019-04-30 00:00:00+00:00,201.35857142857142,Tuesday
2019-05-01 00:00:00+00:00,211.76,Wednesday
2019-05-02 00:00:00+00:00,210.0807142857143,Thursday
2019-05-03 00:00:00+00:00,210.81785714285712,Friday
2019-05-04 00:00:00+00:00,211.75,Saturday
2019-05-05 00:00:00+00:00,207.70333333333335,Sunday
2019-05-06 00:00:00+00:00,207.70333333333335,Monday
2019-05-07 00:00:00+00:00,204.41571428571427,Tuesday
2019-05-08 00:00:00+00:00,204.14000000000001,Wednesday
2019-05-09 00:00:00+00:00,199.84357142857144,Thursday
2019-05-10 00:00:00+00:00,196.4635714285714,Friday
2019-05-11 00:00:00+00:00,197.2,Saturday
2019-05-12 00:00:00+00:00,187.13833333333332,Sunday
2019-05-13 00:00:00+00:00,187.13833333333332,Monday
2019-05-14 00:00:00+00:00,187.67071428571427,Tuesday
2019-05-15 00:00:00+00:00,189.74714285714285,Wednesday
2019-05-16 00:00:00+00:00,190.93071428571426,Thursday
2019-05-17 00:00:00+00:00,189.55142857142854,Friday
2019-05-18 00:00:00+00:00,189.01,Saturday
2019-05-19 00:00:00+00:00,182.75583333333336,Sunday
2019-05-20 00:00:00+00:00,182.75583333333336,Monday
2019-05-21 00:00:00+00:00,186.56285714285715,Tuesday
2019-05-22 00:00:00+00:00,184.15142857142857,Wednesday
2019-05-23 00:00:00+00:00,179.57285714285715,Thursday
2019-05-24 00:00:00+00:00,180.10642857142855,Friday
2019-05-25 00:00:00+00:00,179.06,Saturday
2019-05-26 00:00:00+00:00,179.06000000000003,Sunday
2019-05-27 00:00:00+00:00,179.06000000000003,Monday
2019-05-28 00:00:00+00:00,179.055,Tuesday
2019-05-29 00:00:00+00:00,177.63857142857142,Wednesday
2019-05-30 00:00:00+00:00,177.84071428571428,Thursday
2019-05-31 00:00:00+00:00,177.11642857142857,Friday
2019-06-01 00:00:00+00:00,175.03,Saturday
2019-06-02 00:00:00+00:00,175.3925,Sunday
2019-06-03 00:00:00+00:00,175.3925,Monday
2019-06-04 00:00:00+00:00,177.6042857142857,Tuesday
2019-06-05 00:00:00+00:00,182.1914285714286,Wednesday
2019-06-06 00:00:00+00:00,183.12071428571429,Thursday
2019-06-07 00:00:00+00:00,189.52285714285716,Friday
2019-06-08 00:00:00+00:00,190.14,Saturday
2019-06-09 00:00:00+00:00,193.5175,Sunday
2019-06-10 00:00:00+00:00,193.5175,Monday
2019-06-11 00:00:00+00:00,194.10785714285717,Tuesday
2019-06-12 00:00:00+00:00,194.81285714285715,Wednesday
2019-06-13 00:00:00+00:00,195.39714285714285,Thursday
2019-06-14 00:00:00+00:00,192.6257142857143,Friday
2019-06-15 00:00:00+00:00,192.74,Saturday
2019-06-16 00:00:00+00:00,194.41583333333332,Sunday
2019-06-17 00:00:00+00:00,194.41583333333332,Monday
2019-06-18 00:00:00+00:00,198.25285714285715,Tuesday
2019-06-19 00:00:00+00:00,198.24214285714285,Wednesday
2019-06-20 00:00:00+00:00,199.035,Thursday
2019-06-21 00:00:00+00:00,199.88071428571428,Friday
2019-06-22 00:00:00+00:00,198.89,Saturday
2019-06-23 00:00:00+00:00,199.36833333333334,Sunday
2019-06-24 00:00:00+00:00,199.36833333333334,Monday
2019-06-25 00:00:00+00:00,197.72357142857143,Tuesday
2019-06-26 00:00:00+00:00,199.62357142857144,Wednesday
2019-06-27 00:00:00+00:00,200.18071428571426,Thursday
2019-06-28 00:00:00+00:00,198.31714285714287,Friday
2019-06-29 00:00:00+00:00,198.05,Saturday
2019-06-30 00:00:00+00:00,201.99749999999997,Sunday
2019-07-01 00:00:00+00:00,201.99749999999997,Monday
2019-07-02 00:00:00+00:00,202.1942857142857,Tuesday
2019-07-03 00:00:00+00:00,203.785,Wednesday
2019-07-04 00:00:00+00:00,204.37000000000003,Thursday
2019-07-05 00:00:00+00:00,204.30214285714285,Friday
2019-07-06 00:00:00+00:00,204.235,Saturday
2019-07-07 00:00:00+00:00,199.61083333333332,Sunday
2019-07-08 00:00:00+00:00,199.61083333333332,Monday
2019-07-09 00:00:00+00:00,200.6357142857143,Tuesday
2019-07-10 00:00:00+00:00,202.91214285714287,Wednesday
2019-07-11 00:00:00+00:00,203.46428571428572,Thursday
2019-07-12 00:00:00+00:00,203.32999999999998,Friday
2019-07-13 00:00:00+00:00,203.24,Saturday
2019-07-14 00:00:00+00:00,204.89583333333334,Sunday
2019-07-15 00:00:00+00:00,204.89583333333334,Monday
2019-07-16 00:00:00+00:00,204.80285714285716,Tuesday
2019-07-17 00:00:00+00:00,204.64499999999998,Wednesday
2019-07-18 00:00:00+00:00,204.62714285714284,Thursday
2019-07-19 00:00:00+00:00,204.8385714285714,Friday
2019-07-20 00:00:00+00:00,202.575,Saturday
2019-07-21 00:00:00+00:00,206.235,Sunday
2019-07-22 00:00:00+00:00,206.235,Monday
2019-07-23 00:00:00+00:00,207.87071428571429,Tuesday
2019-07-24 00:00:00+00:00,208.11285714285714,Wednesday
2019-07-25 00:00:00+00:00,207.9485714285714,Thursday
2019-07-26 00:00:00+00:00,207.9992857142857,Friday
2019-07-27 00:00:00+00:00,207.85,Saturday
2019-07-28 00:00:00+00:00,209.98916666666665,Sunday
2019-07-29 00:00:00+00:00,209.98916666666665,Monday
2019-07-30 00:00:00+00:00,208.49142857142857,Tuesday
2019-07-31 00:00:00+00:00,216.15571428571428,Wednesday
2019-08-01 00:00:00+00:00,214.185,Thursday
2019-08-02 00:00:00+00:00,204.20499999999998,Friday
2019-08-03 00:00:00+00:00,203.88,Saturday
2019-08-04 00:00:00+00:00,194.40916666666666,Sunday
2019-08-05 00:00:00+00:00,194.40916666666666,Monday
2019-08-06 00:00:00+00:00,195.5957142857143,Tuesday
2019-08-07 00:00:00+00:00,196.90214285714288,Wednesday
2019-08-08 00:00:00+00:00,201.45214285714286,Thursday
2019-08-09 00:00:00+00:00,201.45285714285714,Friday
2019-08-10 00:00:00+00:00,201.0,Saturday
2019-08-11 00:00:00+00:00,201.12750000000003,Sunday
2019-08-12 00:00:00+00:00,201.12750000000003,Monday
2019-08-13 00:00:00+00:00,208.21,Tuesday
2019-08-14 00:00:00+00:00,204.71857142857144,Wednesday
2019-08-15 00:00:00+00:00,201.96142857142857,Thursday
2019-08-16 00:00:00+00:00,205.4592857142857,Friday
2019-08-17 00:00:00+00:00,206.35,Saturday
2019-08-18 00:00:00+00:00,211.7675,Sunday
2019-08-19 00:00:00+00:00,211.7675,Monday
2019-08-20 00:00:00+00:00,211.68571428571428,Tuesday
2019-08-21 00:00:00+00:00,212.54714285714286,Wednesday
2019-08-22 00:00:00+00:00,212.58642857142857,Thursday
2019-08-23 00:00:00+00:00,206.70642857142857,Friday
2019-08-24 00:00:00+00:00,202.655,Saturday
2019-08-25 00:00:00+00:00,206.18166666666664,Sunday
2019-08-26 00:00:00+00:00,206.18166666666664,Monday
2019-08-27 00:00:00+00:00,205.4364285714286,Tuesday
2019-08-28 00:00:00+00:00,204.9192857142857,Wednesday
2019-08-29 00:00:00+00:00,207.94785714285715,Thursday
2019-08-30 00:00:00+00:00,208.33142857142857,Friday
2019-08-31 00:00:00+00:00,208.39,Saturday
2019-09-01 00:00:00+00:00,208.39,Sunday
2019-09-02 00:00:00+00:00,208.39,Monday
2019-09-03 00:00:00+00:00,205.8307142857143,Tuesday
2019-09-04 00:00:00+00:00,208.05428571428573,Wednesday
2019-09-05 00:00:00+00:00,212.18,Thursday
2019-09-06 00:00:00+00:00,213.23357142857142,Friday
2019-09-07 00:00:00+00:00,213.37,Saturday
2019-09-08 00:00:00+00:00,215.12416666666664,Sunday
2019-09-09 00:00:00+00:00,215.12416666666664,Monday
2019-09-10 00:00:00+00:00,213.84285714285716,Tuesday
2019-09-11 00:00:00+00:00,220.96428571428572,Wednesday
2019-09-12 00:00:00+00:00,224.81214285714285,Thursday
2019-09-13 00:00:00+00:00,219.22,Friday
2019-09-14 00:00:00+00:00,218.56,Saturday
2019-09-15 00:00:00+00:00,219.4466666666667,Sunday
2019-09-16 00:00:00+00:00,219.4466666666667,Monday
2019-09-17 00:00:00+00:00,219.9192857142857,Tuesday
2019-09-18 00:00:00+00:00,221.3457142857143,Wednesday
2019-09-19 00:00:00+00:00,222.1757142857143,Thursday
2019-09-20 00:00:00+00:00,220.615,Friday
2019-09-21 00:00:00+00:00,217.685,Saturday
2019-09-22 00:00:00+00:00,218.84666666666666,Sunday
2019-09-23 00:00:00+00:00,218.84666666666666,Monday
2019-09-24 00:00:00+00:00,219.10285714285715,Tuesday
2019-09-25 00:00:00+00:00,219.5957142857143,Wednesday
2019-09-26 00:00:00+00:00,220.05642857142857,Thursday
2019-09-27 00:00:00+00:00,219.17499999999998,Friday
2019-09-28 00:00:00+00:00,218.86,Saturday
2019-09-29 00:00:00+00:00,223.39416666666668,Sunday
2019-09-30 00:00:00+00:00,223.39416666666668,Monday
2019-10-01 00:00:00+00:00,225.6864285714286,Tuesday
2019-10-02 00:00:00+00:00,220.11999999999998,Wednesday
2019-10-03 00:00:00+00:00,219.28428571428572,Thursday
2019-10-04 00:00:00+00:00,225.185,Friday
2019-10-05 00:00:00+00:00,226.835,Saturday
2019-10-06 00:00:00+00:00,228.64666666666668,Sunday
2019-10-07 00:00:00+00:00,228.64666666666668,Monday
2019-10-08 00:00:00+00:00,226.46142857142857,Tuesday
2019-10-09 00:00:00+00:00,226.40857142857143,Wednesday
2019-10-10 00:00:00+00:00,229.46785714285716,Thursday
2019-10-11 00:00:00+00:00,234.13000000000002,Friday
2019-10-12 00:00:00+00:00,236.34,Saturday
2019-10-13 00:00:00+00:00,236.88083333333336,Sunday
2019-10-14 00:00:00+00:00,236.88083333333336,Monday
2019-10-15 00:00:00+00:00,236.21285714285713,Tuesday
2019-10-16 00:00:00+00:00,234.31,Wednesday
2019-10-17 00:00:00+00:00,234.71285714285713,Thursday
2019-10-18 00:00:00+00:00,235.70214285714286,Friday
2019-10-19 00:00:00+00:00,236.41,Saturday
2019-10-20 00:00:00+00:00,240.38833333333332,Sunday
2019-10-21 00:00:00+00:00,240.38833333333332,Monday
2019-10-22 00:00:00+00:00,241.27,Tuesday
2019-10-23 00:00:00+00:00,242.1392857142857,Wednesday
2019-10-24 00:00:00+00:00,242.85214285714287,Thursday
2019-10-25 00:00:00+00:00,244.69071428571428,Friday
2019-10-26 00:00:00+00:00,246.56,Saturday
2019-10-27 00:00:00+00:00,248.32833333333335,Sunday
2019-10-28 00:00:00+00:00,248.32833333333335,Monday
2019-10-29 00:00:00+00:00,245.12214285714285,Tuesday
2019-10-30 00:00:00+00:00,242.6185714285714,Wednesday
2019-10-31 00:00:00+00:00,247.00857142857143,Thursday
2019-11-01 00:00:00+00:00,252.48214285714286,Friday
2019-11-02 00:00:00+00:00,255.81,Saturday
2019-11-03 00:00:00+00:00,256.51,Sunday
2019-11-04 00:00:00+00:00,256.51,Monday
2019-11-05 00:00:00+00:00,257.4407142857143,Tuesday
2019-11-06 00:00:00+00:00,256.85499999999996,Wednesday
2019-11-07 00:00:00+00:00,258.26000000000005,Thursday
2019-11-08 00:00:00+00:00,259.0242857142857,Friday
2019-11-09 00:00:00+00:00,259.36833333333334,Saturday
2019-11-10 00:00:00+00:00,260.36125000000004,Sunday
2019-11-11 00:00:00+00:00,260.36125000000004,Monday
2019-11-12 00:00:00+00:00,261.85714285714283,Tuesday
2019-11-13 00:00:00+00:00,262.94642857142856,Wednesday
2019-11-14 00:00:00+00:00,263.6764285714286,Thursday
2019-11-15 00:00:00+00:00,263.53000000000003,Friday
2019-11-16 00:00:00+00:00,265.18666666666667,Saturday
2019-11-17 00:00:00+00:00,265.5125,Sunday
2019-11-18 00:00:00+00:00,265.5125,Monday
2019-11-19 00:00:00+00:00,266.53499999999997,Tuesday
2019-11-20 00:00:00+00:00,265.0057142857143,Wednesday
2019-11-21 00:00:00+00:00,262.37857142857143,Thursday
2019-11-22 00:00:00+00:00,262.19357142857143,Friday
2019-11-23 00:00:00+00:00,261.87999999999994,Saturday
2019-11-24 00:00:00+00:00,265.0425,Sunday
2019-11-25 00:00:00+00:00,265.0425,Monday
2019-11-26 00:00:00+00:00,265.9514285714286,Tuesday
2019-11-27 00:00:00+00:00,266.00714285714287,Wednesday
2019-11-28 00:00:00+00:00,267.63714285714286,Thursday
2019-11-29 00:00:00+00:00,267.78714285714284,Friday
2019-11-30 00:00:00+00:00,267.81,Saturday
2019-12-01 00:00:00+00:00,264.92125,Sunday
2019-12-02 00:00:00+00:00,264.92125,Monday
2019-12-03 00:00:00+00:00,260.80857142857144,Tuesday
2019-12-04 00:00:00+00:00,260.81,Wednesday
2019-12-05 00:00:00+00:00,263.3707142857143,Thursday
2019-12-06 00:00:00+00:00,267.8728571428572,Friday
2019-12-07 00:00:00+00:00,270.35833333333335,Saturday
2019-12-08 00:00:00+00:00,267.7875,Sunday
2019-12-09 00:00:00+00:00,267.7875,Monday
2019-12-10 00:00:00+00:00,268.02785714285716,Tuesday
2019-12-11 00:00:00+00:00,269.6192857142857,Wednesday
2019-12-12 00:00:00+00:00,270.19357142857143,Thursday
2019-12-13 00:00:00+00:00,272.3342857142857,Friday
2019-12-14 00:00:00+00:00,274.76500000000004,Saturday
2019-12-15 00:00:00+00:00,279.76,Sunday
2019-12-16 00:00:00+00:00,279.76,Monday
2019-12-17 00:00:00+00:00,280.46285714285716,Tuesday
2019-12-18 00:00:00+00:00,280.3464285714286,Wednesday
2019-12-19 00:00:00+00:00,280.3128571428571,Thursday
2019-12-20 00:00:00+00:00,280.43928571428575,Friday
2019-12-21 00:00:00+00:00,280.09999999999997,Saturday
2019-12-22 00:00:00+00:00,282.93625,Sunday
2019-12-23 00:00:00+00:00,282.93625,Monday
2019-12-24 00:00:00+00:00,284.0414285714286,Tuesday
2019-12-25 00:00:00+00:00,284.345,Wednesday
2019-12-26 00:00:00+00:00,286.1642857142857,Thursday
2019-12-27 00:00:00+00:00,289.9757142857143,Friday
2019-12-28 00:00:00+00:00,289.955,Saturday
2019-12-29 00:00:00+00:00,289.11875,Sunday
2019-12-30 00:00:00+00:00,289.11875,Monday
2019-12-31 00:00:00+00:00,291.8621428571429,Tuesday
2020-01-01 00:00:00+00:00,293.22357142857146,Wednesday
2020-01-02 00:00:00+00:00,296.2857142857143,Thursday
2020-01-03 00:00:00+00:00,299.3121428571429,Friday
2020-01-04 00:00:00+00:00,299.04333333333335,Saturday
2020-01-05 00:00:00+00:00,297.8925,Sunday
2020-01-06 00:00:00+00:00,297.8925,Monday
2020-01-07 00:00:00+00:00,299.3614285714286,Tuesday
2020-01-08 00:00:00+00:00,299.49357142857144,Wednesday
2020-01-09 00:00:00+00:00,306.22357142857146,Thursday
2020-01-10 00:00:00+00:00,310.3892857142857,Friday
2020-01-11 00:00:00+00:00,310.35833333333335,Saturday
2020-01-12 00:00:00+00:00,312.7775,Sunday
2020-01-13 00:00:00+00:00,312.7775,Monday
2020-01-14 00:00:00+00:00,315.1764285714286,Tuesday
2020-01-15 00:00:00+00:00,313.92571428571426,Wednesday
2020-01-16 00:00:00+00:00,312.96571428571434,Thursday
2020-01-17 00:00:00+00:00,315.46571428571434,Friday
2020-01-18 00:00:00+00:00,317.48833333333334,Saturday
2020-01-19 00:00:00+00:00,318.68,Sunday
2020-01-20 00:00:00+00:00,318.68,Monday
2020-01-21 00:00:00+00:00,318.30285714285714,Tuesday
2020-01-22 00:00:00+00:00,317.68642857142856,Wednesday
2020-01-23 00:00:00+00:00,318.0728571428572,Thursday
2020-01-24 00:00:00+00:00,320.69928571428574,Friday
2020-01-25 00:00:00+00:00,319.4216666666667,Saturday
2020-01-26 00:00:00+00:00,310.28499999999997,Sunday
2020-01-27 00:00:00+00:00,310.28499999999997,Monday
2020-01-28 00:00:00+00:00,312.9271428571428,Tuesday
2020-01-29 00:00:00+00:00,322.1107142857143,Wednesday
2020-01-30 00:00:00+00:00,323.1064285714286,Thursday
2020-01-31 00:00:00+00:00,318.6392857142857,Friday
2020-02-01 00:00:00+00:00,311.43333333333334,Saturday
2020-02-02 00:00:00+00:00,311.045,Sunday
2020-02-03 00:00:00+00:00,311.045,Monday
2020-02-04 00:00:00+00:00,313.17857142857144,Tuesday
2020-02-05 00:00:00+00:00,320.4478571428572,Wednesday
2020-02-06 00:00:00+00:00,321.83214285714286,Thursday
2020-02-07 00:00:00+00:00,323.2914285714286,Friday
2020-02-08 00:00:00+00:00,320.09499999999997,Saturday
2020-02-09 00:00:00+00:00,318.97,Sunday
2020-02-10 00:00:00+00:00,318.97,Monday
2020-02-11 00:00:00+00:00,321.52,Tuesday
2020-02-12 00:00:00+00:00,322.6557142857143,Wednesday
2020-02-13 00:00:00+00:00,325.33214285714286,Thursday
2020-02-14 00:00:00+00:00,325.0735714285714,Friday
2020-02-15 00:00:00+00:00,324.47333333333336,Saturday
2020-02-16 00:00:00+00:00,324.815,Sunday
2020-02-17 00:00:00+00:00,324.815,Monday
2020-02-18 00:00:00+00:00,320.36571428571426,Tuesday
2020-02-19 00:00:00+00:00,321.5457142857143,Wednesday
2020-02-20 00:00:00+00:00,322.5992857142857,Thursday
2020-02-21 00:00:00+00:00,318.0464285714285,Friday
2020-02-22 00:00:00+00:00,312.3933333333334,Saturday
2020-02-23 00:00:00+00:00,300.82625,Sunday
2020-02-24 00:00:00+00:00,300.82625,Monday
2020-02-25 00:00:00+00:00,297.8721428571429,Tuesday
2020-02-26 00:00:00+00:00,292.65857142857146,Wednesday
2020-02-27 00:00:00+00:00,286.225,Thursday
2020-02-28 00:00:00+00:00,272.07642857142855,Friday
2020-02-29 00:00:00+00:00,269.77500000000003,Saturday
2020-03-01 00:00:00+00:00,287.825,Sunday
2020-03-02 00:00:00+00:00,287.825,Monday
2020-03-03 00:00:00+00:00,294.3728571428571,Tuesday
2020-03-04 00:00:00+00:00,293.2264285714286,Wednesday
2020-03-05 00:00:00+00:00,297.92357142857145,Thursday
2020-03-06 00:00:00+00:00,289.1642857142857,Friday
2020-03-07 00:00:00+00:00,285.43833333333333,Saturday
2020-03-08 00:00:00+00:00,272.63416666666666,Sunday
2020-03-09 00:00:00+00:00,272.63416666666666,Monday
2020-03-10 00:00:00+00:00,274.54285714285714,Tuesday
2020-03-11 00:00:00+00:00,277.775,Wednesday
2020-03-12 00:00:00+00:00,259.5864285714286,Thursday
2020-03-13 00:00:00+00:00,257.7114285714286,Friday
2020-03-14 00:00:00+00:00,278.02,Saturday
2020-03-15 00:00:00+00:00,253.23666666666668,Sunday
2020-03-16 00:00:00+00:00,253.23666666666668,Monday
2020-03-17 00:00:00+00:00,249.3685714285714,Tuesday
2020-03-18 00:00:00+00:00,244.8014285714286,Wednesday
2020-03-19 00:00:00+00:00,248.41857142857143,Thursday
2020-03-20 00:00:00+00:00,246.93714285714285,Friday
2020-03-21 00:00:00+00:00,229.05,Saturday
2020-03-22 00:00:00+00:00,221.09166666666667,Sunday
2020-03-23 00:00:00+00:00,221.09166666666667,Monday
2020-03-24 00:00:00+00:00,238.01999999999998,Tuesday
2020-03-25 00:00:00+00:00,252.19142857142856,Wednesday
2020-03-26 00:00:00+00:00,251.25714285714284,Thursday
2020-03-27 00:00:00+00:00,252.39857142857142,Friday
2020-03-28 00:00:00+00:00,247.81,Saturday
2020-03-29 00:00:00+00:00,252.22166666666666,Sunday
2020-03-30 00:00:00+00:00,252.22166666666666,Monday
2020-03-31 00:00:00+00:00,256.6692857142857,Tuesday
2020-04-01 00:00:00+00:00,245.78142857142856,Wednesday
2020-04-02 00:00:00+00:00,241.39142857142858,Thursday
2020-04-03 00:00:00+00:00,242.54571428571427,Friday
2020-04-04 00:00:00+00:00,241.43,Saturday
2020-04-05 00:00:00+00:00,254.26250000000002,Sunday
2020-04-06 00:00:00+00:00,254.26250000000002,Monday
2020-04-07 00:00:00+00:00,264.48285714285714,Tuesday
2020-04-08 00:00:00+00:00,263.505,Wednesday
2020-04-09 00:00:00+00:00,267.10714285714283,Thursday
2020-04-10 00:00:00+00:00,267.88,Friday
2020-04-11 00:00:00+00:00,267.88,Saturday
2020-04-12 00:00:00+00:00,268.30916666666667,Sunday
2020-04-13 00:00:00+00:00,268.30916666666667,Monday
2020-04-14 00:00:00+00:00,284.13214285714287,Tuesday
2020-04-15 00:00:00+00:00,284.42285714285714,Wednesday
2020-04-16 00:00:00+00:00,285.1007142857143,Thursday
2020-04-17 00:00:00+00:00,281.6692857142857,Friday
2020-04-18 00:00:00+00:00,282.84,Saturday
2020-04-19 00:00:00+00:00,279.5225,Sunday
2020-04-20 00:00:00+00:00,279.5225,Monday
2020-04-21 00:00:00+00:00,270.3,Tuesday
2020-04-22 00:00:00+00:00,273.6871428571429,Wednesday
2020-04-23 00:00:00+00:00,278.3021428571429,Thursday
2020-04-24 00:00:00+00:00,279.19642857142856,Friday
2020-04-25 00:00:00+00:00,282.95,Saturday
2020-04-26 00:00:00+00:00,282.35166666666663,Sunday
2020-04-27 00:00:00+00:00,282.35166666666663,Monday
2020-04-28 00:00:00+00:00,281.875,Tuesday
2020-04-29 00:00:00+00:00,286.2357142857143,Wednesday
2020-04-30 00:00:00+00:00,290.7092857142857,Thursday
2020-05-01 00:00:00+00:00,292.7092857142857,Friday
2020-05-02 00:00:00+00:00,289.14,Saturday
2020-05-03 00:00:00+00:00,290.3566666666666,Sunday
2020-05-04 00:00:00+00:00,290.3566666666666,Monday
2020-05-05 00:00:00+00:00,298.35571428571427,Tuesday
2020-05-06 00:00:00+00:00,301.5464285714285,Wednesday
2020-05-07 00:00:00+00:00,303.46857142857147,Thursday
2020-05-08 00:00:00+00:00,306.6221428571429,Friday
2020-05-09 00:00:00+00:00,310.06,Saturday
2020-05-10 00:00:00+00:00,313.2183333333333,Sunday
2020-05-11 00:00:00+00:00,313.2183333333333,Monday
2020-05-12 00:00:00+00:00,317.7721428571429,Tuesday
2020-05-13 00:00:00+00:00,308.99000000000007,Wednesday
2020-05-14 00:00:00+00:00,305.07714285714286,Thursday
2020-05-15 00:00:00+00:00,305.3335714285714,Friday
2020-05-16 00:00:00+00:00,307.82,Saturday
2020-05-17 00:00:00+00:00,314.22083333333336,Sunday
2020-05-18 00:00:00+00:00,314.22083333333336,Monday
2020-05-19 00:00:00+00:00,316.7707142857143,Tuesday
2020-05-20 00:00:00+00:00,317.95142857142855,Wednesday
2020-05-21 00:00:00+00:00,318.2942857142857,Thursday
2020-05-22 00:00:00+00:00,317.4328571428572,Friday
2020-05-23 00:00:00+00:00,318.7,Saturday
2020-05-24 00:00:00+00:00,318.7,Sunday
2020-05-25 00:00:00+00:00,318.7,Monday
2020-05-26 00:00:00+00:00,319.72285714285715,Tuesday
2020-05-27 00:00:00+00:00,315.7371428571428,Wednesday
2020-05-28 00:00:00+00:00,320.82714285714286,Thursday
2020-05-29 00:00:00+00:00,318.82785714285717,Friday
2020-05-30 00:00:00+00:00,318.99,Saturday
2020-05-31 00:00:00+00:00,321.1225,Sunday
2020-06-01 00:00:00+00:00,321.1225,Monday
2020-06-02 00:00:00+00:00,321.115625,Tuesday
2020-06-03 00:00:00+00:00,323.8542857142857,Wednesday
2020-06-04 00:00:00+00:00,324.04375,Thursday
2020-06-05 00:00:00+00:00,326.7013636363636,Friday
2020-06-06 00:00:00+00:00,331.48,Saturday
2020-06-07 00:00:00+00:00,330.6636363636364,Sunday
2020-06-08 00:00:00+00:00,330.6636363636364,Monday
2020-06-09 00:00:00+00:00,331.674,Tuesday
2020-06-10 00:00:00+00:00,332.14,Wednesday
2020-06-11 00:00:00+00:00,344.3983333333333,Thursday
2020-06-12 00:00:00+00:00,339.57642857142855,Friday
2020-06-13 00:00:00+00:00,338.85,Saturday
2020-06-14 00:00:00+00:00,336.90375,Sunday
2020-06-15 00:00:00+00:00,336.90375,Monday
2020-06-16 00:00:00+00:00,348.0021428571428,Tuesday
2020-06-17 00:00:00+00:00,354.582,Wednesday
2020-06-18 00:00:00+00:00,352.08142857142855,Thursday
2020-06-19 00:00:00+00:00,355.7985714285714,Friday
2020-06-20 00:00:00+00:00,354.635,Saturday
2020-06-21 00:00:00+00:00,351.295,Sunday
2020-06-22 00:00:00+00:00,351.295,Monday
2020-06-23 00:00:00+00:00,361.47999999999996,Tuesday
2020-06-24 00:00:00+00:00,364.875,Wednesday
2020-06-25 00:00:00+00:00,361.64,Thursday
2020-06-26 00:00:00+00:00,363.668,Friday
2020-06-27 00:00:00+00:00,364.41,Saturday
2020-06-28 00:00:00+00:00,352.96,Sunday
2020-06-29 00:00:00+00:00,352.96,Monday
2020-06-30 00:00:00+00:00,358.925,Tuesday
2020-07-01 00:00:00+00:00,364.08,Wednesday
2020-07-02 00:00:00+00:00,367.3908333333334,Thursday
2020-07-03 00:00:00+00:00,367.85,Friday
2020-07-04 00:00:00+00:00,370.02,Saturday
2020-07-05 00:00:00+00:00,370.02,Sunday
2020-07-06 00:00:00+00:00,370.02,Monday
2020-07-07 00:00:00+00:00,374.7791666666667,Tuesday
2020-07-08 00:00:00+00:00,376.41833333333335,Wednesday
2020-07-09 00:00:00+00:00,383.86428571428576,Thursday
2020-07-10 00:00:00+00:00,382.738,Friday
2020-07-11 00:00:00+00:00,381.34,Saturday
2020-07-12 00:00:00+00:00,389.14,Sunday
2020-07-13 00:00:00+00:00,389.14,Monday
2020-07-14 00:00:00+00:00,381.21999999999997,Tuesday
2020-07-15 00:00:00+00:00,392.5266666666667,Wednesday
2020-07-16 00:00:00+00:00,388.42,Thursday
2020-07-17 00:00:00+00:00,387.3,Friday
2020-07-18 00:00:00+00:00,387.95,Saturday
2020-07-19 00:00:00+00:00,385.67,Sunday
2020-07-20 00:00:00+00:00,385.67,Monday
2020-07-21 00:00:00+00:00,394.7558333333333,Tuesday
2020-07-22 00:00:00+00:00,389.23285714285714,Wednesday
2020-07-23 00:00:00+00:00,387.8325,Thursday
2020-07-24 00:00:00+00:00,369.52764285714284,Friday
2020-07-25 00:00:00+00:00,363.95,Saturday
2020-07-26 00:00:00+00:00,374.875,Sunday
2020-07-27 00:00:00+00:00,374.875,Monday
2020-07-28 00:00:00+00:00,377.01500000000004,Tuesday
2020-07-29 00:00:00+00:00,375.49000000000007,Wednesday
2020-07-30 00:00:00+00:00,376.56857142857143,Thursday
2020-07-31 00:00:00+00:00,407.82142857142856,Friday
2020-08-01 00:00:00+00:00,411.535,Saturday
2020-08-02 00:00:00+00:00,431.86,Sunday
2020-08-03 00:00:00+00:00,431.86,Monday
2020-08-04 00:00:00+00:00,434.87428571428575,Tuesday
2020-08-05 00:00:00+00:00,437.40916666666664,Wednesday
2020-08-06 00:00:00+00:00,440.83000000000004,Thursday
2020-08-07 00:00:00+00:00,450.96999999999997,Friday
2020-08-08 00:00:00+00:00,449.74,Saturday
2020-08-09 00:00:00+00:00,449.74,Sunday
2020-08-10 00:00:00+00:00,449.74,Monday
2020-08-11 00:00:00+00:00,448.2357142857143,Tuesday
2020-08-12 00:00:00+00:00,442.8392857142857,Wednesday
2020-08-13 00:00:00+00:00,453.84000000000003,Thursday
2020-08-14 00:00:00+00:00,458.87416666666667,Friday
2020-08-15 00:00:00+00:00,459.315,Saturday
2020-08-16 00:00:00+00:00,464.27,Sunday
2020-08-17 00:00:00+00:00,464.27,Monday
2020-08-18 00:00:00+00:00,458.834,Tuesday
2020-08-19 00:00:00+00:00,462.61800000000005,Wednesday
2020-08-20 00:00:00+00:00,463.1513333333333,Thursday
2020-08-21 00:00:00+00:00,476.3333333333333,Friday
2020-08-22 00:00:00+00:00,477.05,Saturday
2020-08-23 00:00:00+00:00,514.8,Sunday
2020-08-24 00:00:00+00:00,514.8,Monday
2020-08-25 00:00:00+00:00,500.4628571428571,Tuesday
2020-08-26 00:00:00+00:00,503.77857142857147,Wednesday
2020-08-27 00:00:00+00:00,508.32775,Thursday
2020-08-28 00:00:00+00:00,505.09800000000007,Friday
2020-08-29 00:00:00+00:00,125.28,Saturday
2020-08-30 00:00:00+00:00,125.28,Sunday
2020-08-31 00:00:00+00:00,125.28,Monday
2020-09-01 00:00:00+00:00,132.19,Tuesday
2020-09-02 00:00:00+00:00,137.84,Wednesday
2020-09-03 00:00:00+00:00,129.46428571428572,Thursday
2020-09-04 00:00:00+00:00,118.24,Friday
2020-09-05 00:00:00+00:00,120.07,Saturday
2020-09-06 00:00:00+00:00,114.36,Sunday
2020-09-07 00:00:00+00:00,114.36,Monday
2020-09-08 00:00:00+00:00,114.36,Tuesday
2020-09-09 00:00:00+00:00,115.87,Wednesday
2020-09-10 00:00:00+00:00,118.94800000000001,Thursday
2020-09-11 00:00:00+00:00,115.75714285714285,Friday
2020-09-12 00:00:00+00:00,114.57,Saturday
2020-09-13 00:00:00+00:00,114.06000000000002,Sunday
2020-09-14 00:00:00+00:00,114.06000000000002,Monday
2020-09-15 00:00:00+00:00,118.0,Tuesday
2020-09-16 00:00:00+00:00,115.95,Wednesday
2020-09-17 00:00:00+00:00,109.82000000000001,Thursday
2020-09-18 00:00:00+00:00,110.53000000000002,Friday
2020-09-19 00:00:00+00:00,104.03,Saturday
2020-09-20 00:00:00+00:00,104.03,Sunday
2020-09-21 00:00:00+00:00,104.03,Monday
2020-09-22 00:00:00+00:00,111.31999999999998,Tuesday
2020-09-23 00:00:00+00:00,111.48,Wednesday
2020-09-24 00:00:00+00:00,105.66000000000001,Thursday
2020-09-25 00:00:00+00:00,108.09500000000001,Friday
2020-09-26 00:00:00+00:00,108.43,Saturday
2020-09-27 00:00:00+00:00,115.42,Sunday
2020-09-28 00:00:00+00:00,115.42,Monday
2020-09-29 00:00:00+00:00,114.546,Tuesday
2020-09-30 00:00:00+00:00,113.27250000000001,Wednesday
2020-10-01 00:00:00+00:00,117.25285714285714,Thursday
2020-10-02 00:00:00+00:00,114.016,Friday
2020-10-03 00:00:00+00:00,112.89,Saturday
2020-10-04 00:00:00+00:00,114.01,Sunday
2020-10-05 00:00:00+00:00,114.01,Monday
2020-10-06 00:00:00+00:00,115.54714285714284,Tuesday
2020-10-07 00:00:00+00:00,114.48,Wednesday
2020-10-08 00:00:00+00:00,116.11166666666666,Thursday
2020-10-09 00:00:00+00:00,115.474,Friday
2020-10-10 00:00:00+00:00,115.28,Saturday
2020-10-11 00:00:00+00:00,120.93000000000002,Sunday
2020-10-12 00:00:00+00:00,120.93000000000002,Monday
2020-10-13 00:00:00+00:00,126.09,Tuesday
2020-10-14 00:00:00+00:00,121.38,Wednesday
2020-10-15 00:00:00+00:00,118.56,Thursday
2020-10-16 00:00:00+00:00,121.15333333333332,Friday
2020-10-17 00:00:00+00:00,121.28,Saturday
2020-10-18 00:00:00+00:00,119.41399999999999,Sunday
2020-10-19 00:00:00+00:00,119.41399999999999,Monday
2020-10-20 00:00:00+00:00,117.37100000000001,Tuesday
2020-10-21 00:00:00+00:00,117.12916666666666,Wednesday
2020-10-22 00:00:00+00:00,116.89349999999999,Thursday
2020-10-23 00:00:00+00:00,115.7009090909091,Friday
2020-10-24 00:00:00+00:00,116.39,Saturday
2020-10-25 00:00:00+00:00,113.84650000000002,Sunday
2020-10-26 00:00:00+00:00,113.84650000000002,Monday
2020-10-27 00:00:00+00:00,115.76090909090908,Tuesday
2020-10-28 00:00:00+00:00,116.17699999999999,Wednesday
2020-10-29 00:00:00+00:00,112.89875,Thursday
2020-10-30 00:00:00+00:00,110.71999999999998,Friday
2020-10-31 00:00:00+00:00,111.06,Saturday
2020-11-01 00:00:00+00:00,109.52,Sunday
2020-11-02 00:00:00+00:00,109.52,Monday
2020-11-03 00:00:00+00:00,109.20166666666667,Tuesday
2020-11-04 00:00:00+00:00,113.91000000000001,Wednesday
2020-11-05 00:00:00+00:00,117.58571428571429,Thursday
2020-11-06 00:00:00+00:00,117.54166666666667,Friday
2020-11-07 00:00:00+00:00,118.32,Saturday
2020-11-08 00:00:00+00:00,120.42,Sunday
2020-11-09 00:00:00+00:00,120.42,Monday
2020-11-10 00:00:00+00:00,115.93200000000002,Tuesday
2020-11-11 00:00:00+00:00,117.11,Wednesday
2020-11-12 00:00:00+00:00,119.12333333333333,Thursday
2020-11-13 00:00:00+00:00,119.725,Friday
2020-11-14 00:00:00+00:00,119.44,Saturday
2020-11-15 00:00:00+00:00,119.08,Sunday
2020-11-16 00:00:00+00:00,119.08,Monday
2020-11-17 00:00:00+00:00,119.53714285714285,Tuesday
2020-11-18 00:00:00+00:00,119.20833333333333,Wednesday
2020-11-19 00:00:00+00:00,117.97571428571429,Thursday
2020-11-20 00:00:00+00:00,118.66999999999999,Friday
2020-11-21 00:00:00+00:00,118.64,Saturday
2020-11-22 00:00:00+00:00,117.62,Sunday
2020-11-23 00:00:00+00:00,117.62,Monday
2020-11-24 00:00:00+00:00,114.63428571428571,Tuesday
2020-11-25 00:00:00+00:00,115.01,Wednesday
2020-11-26 00:00:00+00:00,115.55,Thursday
2020-11-27 00:00:00+00:00,116.71,Friday
2020-11-28 00:00:00+00:00,116.57,Saturday
2020-11-29 00:00:00+00:00,117.04,Sunday
2020-11-30 00:00:00+00:00,117.04,Monday
2020-12-01 00:00:00+00:00,120.71571428571428,Tuesday
2020-12-02 00:00:00+00:00,121.9357142857143,Wednesday
2020-12-03 00:00:00+00:00,123.35714285714286,Thursday
2020-12-04 00:00:00+00:00,123.07833333333333,Friday
2020-12-05 00:00:00+00:00,122.6,Saturday
2020-12-06 00:00:00+00:00,122.22999999999999,Sunday
2020-12-07 00:00:00+00:00,122.22999999999999,Monday
2020-12-08 00:00:00+00:00,123.26,Tuesday
2020-12-09 00:00:00+00:00,124.71166666666666,Wednesday
2020-12-10 00:00:00+00:00,121.62166666666667,Thursday
2020-12-11 00:00:00+00:00,122.17999999999999,Friday
2020-12-12 00:00:00+00:00,122.43,Saturday
2020-12-13 00:00:00+00:00,123.21,Sunday
2020-12-14 00:00:00+00:00,123.21,Monday
2020-12-15 00:00:00+00:00,123.92,Tuesday
2020-12-16 00:00:00+00:00,127.25428571428571,Wednesday
2020-12-17 00:00:00+00:00,128.34625,Thursday
2020-12-18 00:00:00+00:00,127.85999999999999,Friday
2020-12-19 00:00:00+00:00,128.96,Saturday
2020-12-20 00:00:00+00:00,124.58,Sunday
2020-12-21 00:00:00+00:00,124.58,Monday
2020-12-22 00:00:00+00:00,131.0925,Tuesday
2020-12-23 00:00:00+00:00,132.06833333333333,Wednesday
2020-12-24 00:00:00+00:00,131.42,Thursday
2020-12-25 00:00:00+00:00,131.32,Friday
2020-12-26 00:00:00+00:00,133.64,Saturday
2020-12-27 00:00:00+00:00,133.64,Sunday
2020-12-28 00:00:00+00:00,133.64,Monday
2020-12-29 00:00:00+00:00,137.59500000000003,Tuesday
2020-12-30 00:00:00+00:00,136.00833333333333,Wednesday
2020-12-31 00:00:00+00:00,134.61142857142858,Thursday
2021-01-01 00:00:00+00:00,134.08,Friday
2021-01-02 00:00:00+00:00,133.92,Saturday
2021-01-03 00:00:00+00:00,133.92,Sunday
2021-01-04 00:00:00+00:00,133.92,Monday
2021-01-05 00:00:00+00:00,129.94125,Tuesday
2021-01-06 00:00:00+00:00,128.40875,Wednesday
2021-01-07 00:00:00+00:00,128.21875,Thursday
2021-01-08 00:00:00+00:00,131.78,Friday
2021-01-09 00:00:00+00:00,132.43,Saturday
2021-01-10 00:00:00+00:00,130.62,Sunday
2021-01-11 00:00:00+00:00,130.62,Monday
2021-01-12 00:00:00+00:00,129.55,Tuesday
2021-01-13 00:00:00+00:00,128.8342857142857,Wednesday
2021-01-14 00:00:00+00:00,130.26399999999998,Thursday
2021-01-15 00:00:00+00:00,129.2711111111111,Friday
2021-01-16 00:00:00+00:00,128.78,Saturday
2021-01-17 00:00:00+00:00,128.32,Sunday
2021-01-18 00:00:00+00:00,128.32,Monday
2021-01-19 00:00:00+00:00,128.32,Tuesday
2021-01-20 00:00:00+00:00,128.55142857142857,Wednesday
2021-01-21 00:00:00+00:00,133.25428571428571,Thursday
2021-01-22 00:00:00+00:00,135.6,Friday
2021-01-23 00:00:00+00:00,136.28,Saturday
2021-01-24 00:00:00+00:00,142.8,Sunday
2021-01-25 00:00:00+00:00,142.8,Monday
2021-01-26 00:00:00+00:00,143.2328571428571,Tuesday
2021-01-27 00:00:00+00:00,143.03428571428572,Wednesday
2021-01-28 00:00:00+00:00,139.63833333333332,Thursday
2021-01-29 00:00:00+00:00,136.47,Friday
2021-01-30 00:00:00+00:00,135.83,Saturday
2021-01-31 00:00:00+00:00,133.88,Sunday
2021-02-01 00:00:00+00:00,133.88,Monday
2021-02-02 00:00:00+00:00,135.342,Tuesday
2021-02-03 00:00:00+00:00,135.31875,Wednesday
2021-02-04 00:00:00+00:00,136.22285714285715,Thursday
2021-02-05 00:00:00+00:00,137.8225,Friday
2021-02-06 00:00:00+00:00,137.35,Saturday
2021-02-07 00:00:00+00:00,136.23,Sunday
2021-02-08 00:00:00+00:00,136.23,Monday
2021-02-09 00:00:00+00:00,136.38142857142856,Tuesday
2021-02-10 00:00:00+00:00,136.20857142857142,Wednesday
2021-02-11 00:00:00+00:00,135.85333333333332,Thursday
2021-02-12 00:00:00+00:00,134.98333333333335,Friday
2021-02-13 00:00:00+00:00,134.35,Saturday
2021-02-14 00:00:00+00:00,135.9,Sunday
2021-02-15 00:00:00+00:00,135.9,Monday
2021-02-16 00:00:00+00:00,135.9,Tuesday
2021-02-17 00:00:00+00:00,132.73857142857145,Wednesday
2021-02-18 00:00:00+00:00,129.675,Thursday
2021-02-19 00:00:00+00:00,130.39999999999998,Friday
2021-02-20 00:00:00+00:00,130.24,Saturday
2021-02-21 00:00:00+00:00,127.51277777777779,Sunday
2021-02-22 00:00:00+00:00,127.51277777777779,Monday
2021-02-23 00:00:00+00:00,124.21269230769232,Tuesday
2021-02-24 00:00:00+00:00,125.66416666666667,Wednesday
2021-02-25 00:00:00+00:00,124.02230769230769,Thursday
2021-02-26 00:00:00+00:00,121.88461538461539,Friday
2021-02-27 00:00:00+00:00,122.815,Saturday
2021-02-28 00:00:00+00:00,124.38555555555556,Sunday
2021-03-01 00:00:00+00:00,124.38555555555556,Monday
2021-03-02 00:00:00+00:00,127.51416666666667,Tuesday
2021-03-03 00:00:00+00:00,125.34807692307692,Wednesday
2021-03-04 00:00:00+00:00,122.00428571428571,Thursday
2021-03-05 00:00:00+00:00,119.93409090909091,Friday
2021-03-06 00:00:00+00:00,121.015,Saturday
2021-03-07 00:00:00+00:00,119.15454545454546,Sunday
2021-03-08 00:00:00+00:00,119.15454545454546,Monday
2021-03-09 00:00:00+00:00,118.6842857142857,Tuesday
2021-03-10 00:00:00+00:00,120.675,Wednesday
2021-03-11 00:00:00+00:00,121.23,Thursday
2021-03-12 00:00:00+00:00,120.84714285714287,Friday
2021-03-13 00:00:00+00:00,120.78666666666668,Saturday
2021-03-14 00:00:00+00:00,121.80772727272728,Sunday
2021-03-15 00:00:00+00:00,121.80772727272728,Monday
2021-03-16 00:00:00+00:00,125.05909090909091,Tuesday
2021-03-17 00:00:00+00:00,123.79636363636364,Wednesday
2021-03-18 00:00:00+00:00,122.5559090909091,Thursday
2021-03-19 00:00:00+00:00,121.09458333333333,Friday
2021-03-20 00:00:00+00:00,119.9,Saturday
2021-03-21 00:00:00+00:00,121.76818181818182,Sunday
2021-03-22 00:00:00+00:00,121.76818181818182,Monday
2021-03-23 00:00:00+00:00,123.03291666666667,Tuesday
2021-03-24 00:00:00+00:00,122.50541666666668,Wednesday
2021-03-25 00:00:00+00:00,119.821,Thursday
2021-03-26 00:00:00+00:00,120.0690909090909,Friday
2021-03-27 00:00:00+00:00,120.35,Saturday
2021-03-28 00:00:00+00:00,121.299375,Sunday
2021-03-29 00:00:00+00:00,121.299375,Monday
2021-03-30 00:00:00+00:00,119.87142857142858,Tuesday
2021-03-31 00:00:00+00:00,122.515,Wednesday
2021-04-01 00:00:00+00:00,122.60454545454546,Thursday
2021-04-02 00:00:00+00:00,122.15,Friday
2021-04-03 00:00:00+00:00,124.58777777777777,Saturday
2021-04-04 00:00:00+00:00,124.58777777777777,Sunday
2021-04-05 00:00:00+00:00,124.58777777777777,Monday
2021-04-06 00:00:00+00:00,126.34649999999999,Tuesday
2021-04-07 00:00:00+00:00,126.74100000000001,Wednesday
2021-04-08 00:00:00+00:00,129.36111111111111,Thursday
2021-04-09 00:00:00+00:00,130.72375,Friday
2021-04-10 00:00:00+00:00,132.97,Saturday
2021-04-11 00:00:00+00:00,132.07722222222222,Sunday
2021-04-12 00:00:00+00:00,132.07722222222222,Monday
2021-04-13 00:00:00+00:00,132.189,Tuesday
2021-04-14 00:00:00+00:00,133.935,Wednesday
2021-04-15 00:00:00+00:00,133.68681818181818,Thursday
2021-04-16 00:00:00+00:00,134.399,Friday
2021-04-17 00:00:00+00:00,134.15,Saturday
2021-04-18 00:00:00+00:00,134.09444444444446,Sunday
2021-04-19 00:00:00+00:00,134.09444444444446,Monday
2021-04-20 00:00:00+00:00,134.12363636363636,Tuesday
2021-04-21 00:00:00+00:00,132.89124999999999,Wednesday
2021-04-22 00:00:00+00:00,133.06727272727272,Thursday
2021-04-23 00:00:00+00:00,133.04541666666668,Friday
2021-04-24 00:00:00+00:00,134.295,Saturday
2021-04-25 00:00:00+00:00,134.493,Sunday
2021-04-26 00:00:00+00:00,134.493,Monday
2021-04-27 00:00:00+00:00,135.00454545454545,Tuesday
2021-04-28 00:00:00+00:00,134.17166666666668,Wednesday
2021-04-29 00:00:00+00:00,135.89083333333335,Thursday
2021-04-30 00:00:00+00:00,132.19958333333332,Friday
2021-05-01 00:00:00+00:00,131.44,Saturday
2021-05-02 00:00:00+00:00,132.34666666666666,Sunday
2021-05-03 00:00:00+00:00,132.34666666666666,Monday
2021-05-04 00:00:00+00:00,129.52954545454546,Tuesday
2021-05-05 00:00:00+00:00,129.02,Wednesday
2021-05-06 00:00:00+00:00,128.2022727272727,Thursday
2021-05-07 00:00:00+00:00,130.1775,Friday
2021-05-08 00:00:00+00:00,130.21,Saturday
2021-05-09 00:00:00+00:00,129.0895,Sunday
2021-05-10 00:00:00+00:00,129.0895,Monday
2021-05-11 00:00:00+00:00,124.30363636363636,Tuesday
2021-05-12 00:00:00+00:00,124.31199999999998,Wednesday
2021-05-13 00:00:00+00:00,123.81291666666668,Thursday
2021-05-14 00:00:00+00:00,126.58227272727272,Friday
2021-05-15 00:00:00+00:00,127.41,Saturday
2021-05-16 00:00:00+00:00,126.292,Sunday
2021-05-17 00:00:00+00:00,126.292,Monday
2021-05-18 00:00:00+00:00,126.61545454545454,Tuesday
2021-05-19 00:00:00+00:00,123.53136363636364,Wednesday
2021-05-20 00:00:00+00:00,125.652,Thursday
2021-05-21 00:00:00+00:00,127.01125,Friday
2021-05-22 00:00:00+00:00,125.37,Saturday
2021-05-23 00:00:00+00:00,126.71900000000001,Sunday
2021-05-24 00:00:00+00:00,126.71900000000001,Monday
2021-05-25 00:00:00+00:00,127.353,Tuesday
2021-05-26 00:00:00+00:00,127.02555555555556,Wednesday
2021-05-27 00:00:00+00:00,126.57000000000001,Thursday
2021-05-28 00:00:00+00:00,125.48499999999999,Friday
2021-05-29 00:00:00+00:00,124.65,Saturday
2021-05-30 00:00:00+00:00,124.99549999999999,Sunday
2021-05-31 00:00:00+00:00,124.99549999999999,Monday
2021-06-01 00:00:00+00:00,124.99549999999999,Tuesday
2021-06-02 00:00:00+00:00,124.41636363636363,Wednesday
2021-06-03 00:00:00+00:00,124.01318181818182,Thursday
2021-06-04 00:00:00+00:00,124.59949999999999,Friday
2021-06-05 00:00:00+00:00,125.87,Saturday
2021-06-06 00:00:00+00:00,125.77545454545454,Sunday
2021-06-07 00:00:00+00:00,125.77545454545454,Monday
2021-06-08 00:00:00+00:00,126.74291666666666,Tuesday
2021-06-09 00:00:00+00:00,127.11318181818181,Wednesday
2021-06-10 00:00:00+00:00,126.635,Thursday
2021-06-11 00:00:00+00:00,126.834375,Friday
2021-06-12 00:00:00+00:00,127.355,Saturday
2021-06-13 00:00:00+00:00,128.69944444444445,Sunday
2021-06-14 00:00:00+00:00,128.69944444444445,Monday
2021-06-15 00:00:00+00:00,130.14409090909092,Tuesday
2021-06-16 00:00:00+00:00,129.89818181818183,Wednesday
2021-06-17 00:00:00+00:00,130.35227272727272,Thursday
2021-06-18 00:00:00+00:00,131.28875,Friday
2021-06-19 00:00:00+00:00,130.41,Saturday
2021-06-20 00:00:00+00:00,131.07545454545453,Sunday
2021-06-21 00:00:00+00:00,131.07545454545453,Monday
2021-06-22 00:00:00+00:00,132.78272727272727,Tuesday
2021-06-23 00:00:00+00:00,133.9595,Wednesday
2021-06-24 00:00:00+00:00,134.11818181818182,Thursday
2021-06-25 00:00:00+00:00,133.3105,Friday
2021-06-26 00:00:00+00:00,133.155,Saturday
2021-06-27 00:00:00+00:00,133.62818181818182,Sunday
2021-06-28 00:00:00+00:00,133.62818181818182,Monday
2021-06-29 00:00:00+00:00,135.06136363636367,Tuesday
2021-06-30 00:00:00+00:00,136.445,Wednesday
2021-07-01 00:00:00+00:00,136.7990909090909,Thursday
2021-07-02 00:00:00+00:00,138.3890909090909,Friday
2021-07-03 00:00:00+00:00,139.925,Saturday
2021-07-04 00:00:00+00:00,140.7175,Sunday
2021-07-05 00:00:00+00:00,140.7175,Monday
2021-07-06 00:00:00+00:00,140.7175,Tuesday
2021-07-07 00:00:00+00:00,143.45499999999998,Wednesday
2021-07-08 00:00:00+00:00,142.40958333333333,Thursday
2021-07-09 00:00:00+00:00,143.983,Friday
2021-07-10 00:00:00+00:00,145.075,Saturday
2021-07-11 00:00:00+00:00,145.39318181818183,Sunday
2021-07-12 00:00:00+00:00,145.39318181818183,Monday
2021-07-13 00:00:00+00:00,145.355,Tuesday
2021-07-14 00:00:00+00:00,148.44272727272727,Wednesday
2021-07-15 00:00:00+00:00,148.77708333333334,Thursday
2021-07-16 00:00:00+00:00,148.25150000000002,Friday
2021-07-17 00:00:00+00:00,146.38,Saturday
2021-07-18 00:00:00+00:00,143.19454545454545,Sunday
2021-07-19 00:00:00+00:00,143.19454545454545,Monday
2021-07-20 00:00:00+00:00,144.376,Tuesday
2021-07-21 00:00:00+00:00,145.58583333333334,Wednesday
2021-07-22 00:00:00+00:00,146.429,Thursday
2021-07-23 00:00:00+00:00,147.658,Friday
2021-07-24 00:00:00+00:00,148.34,Saturday
2021-07-25 00:00:00+00:00,148.81,Sunday
2021-07-26 00:00:00+00:00,148.81,Monday
2021-07-27 00:00:00+00:00,148.0895,Tuesday
2021-07-28 00:00:00+00:00,145.25863636363636,Wednesday
2021-07-29 00:00:00+00:00,145.3345833333333,Thursday
2021-07-30 00:00:00+00:00,145.03863636363636,Friday
2021-07-31 00:00:00+00:00,145.88,Saturday
2021-08-01 00:00:00+00:00,146.455,Sunday
2021-08-02 00:00:00+00:00,146.455,Monday
2021-08-03 00:00:00+00:00,146.3190909090909,Tuesday
2021-08-04 00:00:00+00:00,147.04545454545453,Wednesday
2021-08-05 00:00:00+00:00,147.1859090909091,Thursday
2021-08-06 00:00:00+00:00,146.38500000000002,Friday
2021-08-07 00:00:00+00:00,146.11,Saturday
2021-08-08 00:00:00+00:00,146.046,Sunday
2021-08-09 00:00:00+00:00,146.046,Monday
2021-08-10 00:00:00+00:00,146.152,Tuesday
2021-08-11 00:00:00+00:00,145.97041666666667,Wednesday
2021-08-12 00:00:00+00:00,147.1565,Thursday
2021-08-13 00:00:00+00:00,148.7455,Friday
2021-08-14 00:00:00+00:00,149.07,Saturday
2021-08-15 00:00:00+00:00,149.00611111111112,Sunday
2021-08-16 00:00:00+00:00,149.00611111111112,Monday
2021-08-17 00:00:00+00:00,150.4318181818182,Tuesday
2021-08-18 00:00:00+00:00,149.276,Wednesday
2021-08-19 00:00:00+00:00,145.73000000000002,Thursday
2021-08-20 00:00:00+00:00,147.0568181818182,Friday
2021-08-21 00:00:00+00:00,148.19,Saturday
2021-08-22 00:00:00+00:00,149.064,Sunday
2021-08-23 00:00:00+00:00,149.064,Monday
2021-08-24 00:00:00+00:00,149.65863636363636,Tuesday
2021-08-25 00:00:00+00:00,149.16500000000002,Wednesday
2021-08-26 00:00:00+00:00,148.22136363636363,Thursday
2021-08-27 00:00:00+00:00,148.10454545454547,Friday
2021-08-28 00:00:00+00:00,148.61,Saturday
2021-08-29 00:00:00+00:00,150.4785,Sunday
2021-08-30 00:00:00+00:00,150.4785,Monday
2021-08-31 00:00:00+00:00,152.56125,Tuesday
2021-09-01 00:00:00+00:00,152.89272727272726,Wednesday
2021-09-02 00:00:00+00:00,153.388,Thursday
2021-09-03 00:00:00+00:00,154.0565,Friday
2021-09-04 00:00:00+00:00,154.29,Saturday
2021-09-05 00:00:00+00:00,155.61599999999999,Sunday
2021-09-06 00:00:00+00:00,155.61599999999999,Monday
2021-09-07 00:00:00+00:00,155.61599999999999,Tuesday
2021-09-08 00:00:00+00:00,155.81636363636363,Wednesday
2021-09-09 00:00:00+00:00,154.949,Thursday
2021-09-10 00:00:00+00:00,153.06727272727272,Friday
2021-09-11 00:00:00+00:00,149.0,Saturday
2021-09-12 00:00:00+00:00,150.017,Sunday
2021-09-13 00:00:00+00:00,150.017,Monday
2021-09-14 00:00:00+00:00,149.344,Tuesday
2021-09-15 00:00:00+00:00,148.139,Wednesday
2021-09-16 00:00:00+00:00,148.35958333333335,Thursday
2021-09-17 00:00:00+00:00,147.95250000000001,Friday
2021-09-18 00:00:00+00:00,146.07,Saturday
2021-09-19 00:00:00+00:00,143.18863636363636,Sunday
2021-09-20 00:00:00+00:00,143.18863636363636,Monday
2021-09-21 00:00:00+00:00,143.9375,Tuesday
2021-09-22 00:00:00+00:00,144.34954545454545,Wednesday
2021-09-23 00:00:00+00:00,146.99291666666667,Thursday
2021-09-24 00:00:00+00:00,146.25909090909093,Friday
2021-09-25 00:00:00+00:00,146.97,Saturday
2021-09-26 00:00:00+00:00,145.4038888888889,Sunday
2021-09-27 00:00:00+00:00,145.4038888888889,Monday
2021-09-28 00:00:00+00:00,143.05181818181816,Tuesday
2021-09-29 00:00:00+00:00,143.00363636363636,Wednesday
2021-09-30 00:00:00+00:00,142.8345,Thursday
2021-10-01 00:00:00+00:00,141.58625,Friday
2021-10-02 00:00:00+00:00,142.39,Saturday
2021-10-03 00:00:00+00:00,140.70850000000002,Sunday
2021-10-04 00:00:00+00:00,140.70850000000002,Monday
2021-10-05 00:00:00+00:00,140.2331818181818,Tuesday
2021-10-06 00:00:00+00:00,139.962,Wednesday
2021-10-07 00:00:00+00:00,143.54083333333332,Thursday
2021-10-08 00:00:00+00:00,143.35090909090908,Friday
2021-10-09 00:00:00+00:00,142.995,Saturday
2021-10-10 00:00:00+00:00,143.10375,Sunday
2021-10-11 00:00:00+00:00,143.10375,Monday
2021-10-12 00:00:00+00:00,142.60458333333335,Tuesday
2021-10-13 00:00:00+00:00,140.45,Wednesday
2021-10-14 00:00:00+00:00,142.5655,Thursday
2021-10-15 00:00:00+00:00,144.15666666666667,Friday
2021-10-16 00:00:00+00:00,144.77,Saturday
2021-10-17 00:00:00+00:00,144.96277777777777,Sunday
2021-10-18 00:00:00+00:00,144.96277777777777,Monday
2021-10-19 00:00:00+00:00,147.70045454545453,Tuesday
2021-10-20 00:00:00+00:00,148.817,Wednesday
2021-10-21 00:00:00+00:00,148.81590909090912,Thursday
2021-10-22 00:00:00+00:00,149.47545454545454,Friday
2021-10-23 00:00:00+00:00,148.67,Saturday
2021-10-24 00:00:00+00:00,148.64875,Sunday
2021-10-25 00:00:00+00:00,148.64875,Monday
2021-10-26 00:00:00+00:00,149.1605,Tuesday
2021-10-27 00:00:00+00:00,149.11958333333334,Wednesday
2021-10-28 00:00:00+00:00,150.9385,Thursday
2021-10-29 00:00:00+00:00,148.17181818181817,Friday
2021-10-30 00:00:00+00:00,149.75,Saturday
2021-10-31 00:00:00+00:00,149.12650000000002,Sunday
2021-11-01 00:00:00+00:00,149.12650000000002,Monday
2021-11-02 00:00:00+00:00,149.334,Tuesday
2021-11-03 00:00:00+00:00,150.369375,Wednesday
2021-11-04 00:00:00+00:00,151.619,Thursday
2021-11-05 00:00:00+00:00,151.23772727272728,Friday
2021-11-06 00:00:00+00:00,151.26,Saturday
2021-11-07 00:00:00+00:00,151.06199999999998,Sunday
2021-11-08 00:00:00+00:00,151.06199999999998,Monday
2021-11-09 00:00:00+00:00,150.35192307692307,Tuesday
2021-11-10 00:00:00+00:00,150.13227272727272,Wednesday
2021-11-11 00:00:00+00:00,148.52692307692308,Thursday
2021-11-12 00:00:00+00:00,148.50681818181818,Friday
2021-11-13 00:00:00+00:00,149.9466666666667,Saturday
2021-11-14 00:00:00+00:00,150.29928571428573,Sunday
2021-11-15 00:00:00+00:00,150.29928571428573,Monday
2021-11-16 00:00:00+00:00,150.1946153846154,Tuesday
2021-11-17 00:00:00+00:00,151.80772727272728,Wednesday
2021-11-18 00:00:00+00:00,154.20909090909092,Thursday
2021-11-19 00:00:00+00:00,158.06291666666667,Friday
2021-11-20 00:00:00+00:00,160.595,Saturday
2021-11-21 00:00:00+00:00,162.26333333333335,Sunday
2021-11-22 00:00:00+00:00,162.26333333333335,Monday
2021-11-23 00:00:00+00:00,161.21291666666667,Tuesday
2021-11-24 00:00:00+00:00,160.89045454545456,Wednesday
2021-11-25 00:00:00+00:00,161.32333333333332,Thursday
2021-11-26 00:00:00+00:00,158.55875,Friday
2021-11-27 00:00:00+00:00,157.43,Saturday
2021-11-28 00:00:00+00:00,159.7357142857143,Sunday
2021-11-29 00:00:00+00:00,159.7357142857143,Monday
2021-11-30 00:00:00+00:00,160.365,Tuesday
2021-12-01 00:00:00+00:00,167.67538461538464,Wednesday
2021-12-02 00:00:00+00:00,161.8475,Thursday
2021-12-03 00:00:00+00:00,163.28333333333333,Friday
2021-12-04 00:00:00+00:00,160.59166666666667,Saturday
2021-12-05 00:00:00+00:00,164.39166666666668,Sunday
2021-12-06 00:00:00+00:00,164.39166666666668,Monday
2021-12-07 00:00:00+00:00,168.35999999999999,Tuesday
2021-12-08 00:00:00+00:00,172.385,Wednesday
2021-12-09 00:00:00+00:00,174.84833333333336,Thursday
2021-12-10 00:00:00+00:00,175.58,Friday
2021-12-11 00:00:00+00:00,178.31333333333336,Saturday
2021-12-12 00:00:00+00:00,180.9488888888889,Sunday
2021-12-13 00:00:00+00:00,180.9488888888889,Monday
2021-12-14 00:00:00+00:00,175.64916666666667,Tuesday
2021-12-15 00:00:00+00:00,174.09772727272727,Wednesday
2021-12-16 00:00:00+00:00,178.12076923076924,Thursday
2021-12-17 00:00:00+00:00,170.67541666666668,Friday
2021-12-18 00:00:00+00:00,171.96833333333333,Saturday
2021-12-19 00:00:00+00:00,168.20111111111112,Sunday
2021-12-20 00:00:00+00:00,168.20111111111112,Monday
2021-12-21 00:00:00+00:00,171.08045454545456,Tuesday
2021-12-22 00:00:00+00:00,173.1640909090909,Wednesday
2021-12-23 00:00:00+00:00,175.87041666666667,Thursday
2021-12-24 00:00:00+00:00,176.22,Friday
2021-12-25 00:00:00+00:00,177.80714285714288,Saturday
2021-12-26 00:00:00+00:00,177.80714285714288,Sunday
2021-12-27 00:00:00+00:00,177.80714285714288,Monday
2021-12-28 00:00:00+00:00,180.41227272727272,Tuesday
2021-12-29 00:00:00+00:00,179.47208333333333,Wednesday
2021-12-30 00:00:00+00:00,179.68692307692305,Thursday
2021-12-31 00:00:00+00:00,178.18307692307692,Friday
2022-01-01 00:00:00+00:00,177.63666666666668,Saturday
2022-01-02 00:00:00+00:00,179.32888888888888,Sunday
2022-01-03 00:00:00+00:00,179.32888888888888,Monday
2022-01-04 00:00:00+00:00,181.88166666666666,Tuesday
2022-01-05 00:00:00+00:00,179.22875,Wednesday
2022-01-06 00:00:00+00:00,173.8557142857143,Thursday
2022-01-07 00:00:00+00:00,172.45653846153846,Friday
2022-01-08 00:00:00+00:00,172.475,Saturday
2022-01-09 00:00:00+00:00,169.79450000000003,Sunday
2022-01-10 00:00:00+00:00,169.79450000000003,Monday
2022-01-11 00:00:00+00:00,172.83833333333334,Tuesday
2022-01-12 00:00:00+00:00,175.45,Wednesday
2022-01-13 00:00:00+00:00,175.20833333333334,Thursday
2022-01-14 00:00:00+00:00,171.58375,Friday
2022-01-15 00:00:00+00:00,172.39000000000001,Saturday
2022-01-16 00:00:00+00:00,170.78333333333333,Sunday
2022-01-17 00:00:00+00:00,170.78333333333333,Monday
2022-01-18 00:00:00+00:00,170.78333333333333,Tuesday
2022-01-19 00:00:00+00:00,169.99958333333333,Wednesday
2022-01-20 00:00:00+00:00,167.53083333333333,Thursday
2022-01-21 00:00:00+00:00,164.19083333333333,Friday
2022-01-22 00:00:00+00:00,163.10833333333332,Saturday
2022-01-23 00:00:00+00:00,159.1811111111111,Sunday
2022-01-24 00:00:00+00:00,159.1811111111111,Monday
2022-01-25 00:00:00+00:00,158.6029166666667,Tuesday
2022-01-26 00:00:00+00:00,162.61769230769232,Wednesday
2022-01-27 00:00:00+00:00,161.5773076923077,Thursday
2022-01-28 00:00:00+00:00,163.53821428571428,Friday
2022-01-29 00:00:00+00:00,168.84,Saturday
2022-01-30 00:00:00+00:00,171.14600000000002,Sunday
2022-01-31 00:00:00+00:00,171.14600000000002,Monday
2022-02-01 00:00:00+00:00,174.39333333333332,Tuesday
2022-02-02 00:00:00+00:00,174.52083333333334,Wednesday
2022-02-03 00:00:00+00:00,174.50846153846155,Thursday
2022-02-04 00:00:00+00:00,173.0957142857143,Friday
2022-02-05 00:00:00+00:00,172.965,Saturday
2022-02-06 00:00:00+00:00,173.0125,Sunday
2022-02-07 00:00:00+00:00,173.0125,Monday
2022-02-08 00:00:00+00:00,172.34576923076924,Tuesday
2022-02-09 00:00:00+00:00,175.65874999999997,Wednesday
2022-02-10 00:00:00+00:00,174.61384615384617,Thursday
2022-02-11 00:00:00+00:00,172.14083333333335,Friday
2022-02-12 00:00:00+00:00,168.845,Saturday
2022-02-13 00:00:00+00:00,168.337,Sunday
2022-02-14 00:00:00+00:00,168.337,Monday
2022-02-15 00:00:00+00:00,170.6340909090909,Tuesday
2022-02-16 00:00:00+00:00,171.90625,Wednesday
2022-02-17 00:00:00+00:00,171.83181818181816,Thursday
2022-02-18 00:00:00+00:00,169.04541666666668,Friday
2022-02-19 00:00:00+00:00,167.51,Saturday
2022-02-20 00:00:00+00:00,165.7205,Sunday
2022-02-21 00:00:00+00:00,165.7205,Monday
2022-02-22 00:00:00+00:00,165.7205,Tuesday
2022-02-23 00:00:00+00:00,164.75708333333333,Wednesday
2022-02-24 00:00:00+00:00,156.2546153846154,Thursday
2022-02-25 00:00:00+00:00,162.88384615384618,Friday
2022-02-26 00:00:00+00:00,164.625,Saturday
2022-02-27 00:00:00+00:00,163.3055,Sunday
2022-02-28 00:00:00+00:00,163.3055,Monday
2022-03-01 00:00:00+00:00,164.07458333333332,Tuesday
2022-03-02 00:00:00+00:00,163.96958333333333,Wednesday
2022-03-03 00:00:00+00:00,166.61107142857142,Thursday
2022-03-04 00:00:00+00:00,164.75923076923075,Friday
2022-03-05 00:00:00+00:00,162.97166666666666,Saturday
2022-03-06 00:00:00+00:00,162.03333333333333,Sunday
2022-03-07 00:00:00+00:00,162.03333333333333,Monday
2022-03-08 00:00:00+00:00,159.42214285714286,Tuesday
2022-03-09 00:00:00+00:00,160.61714285714285,Wednesday
2022-03-10 00:00:00+00:00,159.9480769230769,Thursday
2022-03-11 00:00:00+00:00,158.95607142857142,Friday
2022-03-12 00:00:00+00:00,155.64333333333335,Saturday
2022-03-13 00:00:00+00:00,151.49949999999998,Sunday
2022-03-14 00:00:00+00:00,151.49949999999998,Monday
2022-03-15 00:00:00+00:00,151.68272727272728,Tuesday
2022-03-16 00:00:00+00:00,157.67636363636365,Wednesday
2022-03-17 00:00:00+00:00,159.24458333333334,Thursday
2022-03-18 00:00:00+00:00,160.75727272727272,Friday
2022-03-19 00:00:00+00:00,163.875,Saturday
2022-03-20 00:00:00+00:00,164.23833333333334,Sunday
2022-03-21 00:00:00+00:00,164.23833333333334,Monday
2022-03-22 00:00:00+00:00,166.5777272727273,Tuesday
2022-03-23 00:00:00+00:00,169.17090909090908,Wednesday
2022-03-24 00:00:00+00:00,171.41916666666668,Thursday
2022-03-25 00:00:00+00:00,174.26909090909092,Friday
2022-03-26 00:00:00+00:00,174.7,Saturday
2022-03-27 00:00:00+00:00,173.201,Sunday
2022-03-28 00:00:00+00:00,173.201,Monday
2022-03-29 00:00:00+00:00,176.71833333333333,Tuesday
2022-03-30 00:00:00+00:00,178.14333333333335,Wednesday
2022-03-31 00:00:00+00:00,177.7190909090909,Thursday
2022-04-01 00:00:00+00:00,174.04375000000002,Friday
2022-04-02 00:00:00+00:00,174.23,Saturday
2022-04-03 00:00:00+00:00,176.00818181818184,Sunday
2022-04-04 00:00:00+00:00,176.00818181818184,Monday
2022-04-05 00:00:00+00:00,177.06409090909094,Tuesday
2022-04-06 00:00:00+00:00,172.51045454545454,Wednesday
2022-04-07 00:00:00+00:00,171.86249999999998,Thursday
2022-04-08 00:00:00+00:00,171.93818181818182,Friday
2022-04-09 00:00:00+00:00,170.12,Saturday
2022-04-10 00:00:00+00:00,167.6490909090909,Sunday
2022-04-11 00:00:00+00:00,167.6490909090909,Monday
2022-04-12 00:00:00+00:00,166.53,Tuesday
2022-04-13 00:00:00+00:00,168.80041666666668,Wednesday
2022-04-14 00:00:00+00:00,169.07,Thursday
2022-04-15 00:00:00+00:00,165.265,Friday
2022-04-16 00:00:00+00:00,164.72722222222222,Saturday
2022-04-17 00:00:00+00:00,164.72722222222222,Sunday
2022-04-18 00:00:00+00:00,164.72722222222222,Monday
2022-04-19 00:00:00+00:00,165.674,Tuesday
2022-04-20 00:00:00+00:00,168.099,Wednesday
2022-04-21 00:00:00+00:00,168.71166666666667,Thursday
2022-04-22 00:00:00+00:00,165.99,Friday
2022-04-23 00:00:00+00:00,161.73,Saturday
2022-04-24 00:00:00+00:00,159.868,Sunday
2022-04-25 00:00:00+00:00,159.868,Monday
2022-04-26 00:00:00+00:00,160.79,Tuesday
2022-04-27 00:00:00+00:00,157.25583333333333,Wednesday
2022-04-28 00:00:00+00:00,160.71624999999997,Thursday
2022-04-29 00:00:00+00:00,160.7840909090909,Friday
2022-04-30 00:00:00+00:00,157.855,Saturday
2022-05-01 00:00:00+00:00,155.7305,Sunday
2022-05-02 00:00:00+00:00,155.7305,Monday
2022-05-03 00:00:00+00:00,158.7615,Tuesday
2022-05-04 00:00:00+00:00,160.8085,Wednesday
2022-05-05 00:00:00+00:00,162.36249999999998,Thursday
2022-05-06 00:00:00+00:00,156.77875,Friday
2022-05-07 00:00:00+00:00,157.25,Saturday
2022-05-08 00:00:00+00:00,153.21272727272728,Sunday
2022-05-09 00:00:00+00:00,153.21272727272728,Monday
2022-05-10 00:00:00+00:00,154.08333333333334,Tuesday
2022-05-11 00:00:00+00:00,153.83541666666665,Wednesday
2022-05-12 00:00:00+00:00,143.00333333333333,Thursday
2022-05-13 00:00:00+00:00,145.49375,Friday
2022-05-14 00:00:00+00:00,147.1,Saturday
2022-05-15 00:00:00+00:00,145.9385,Sunday
2022-05-16 00:00:00+00:00,145.9385,Monday
2022-05-17 00:00:00+00:00,147.99681818181818,Tuesday
2022-05-18 00:00:00+00:00,145.73181818181817,Wednesday
2022-05-19 00:00:00+00:00,139.63916666666668,Thursday
2022-05-20 00:00:00+00:00,137.66208333333333,Friday
2022-05-21 00:00:00+00:00,137.59,Saturday
2022-05-22 00:00:00+00:00,139.74409090909091,Sunday
2022-05-23 00:00:00+00:00,139.74409090909091,Monday
2022-05-24 00:00:00+00:00,140.5359090909091,Tuesday
2022-05-25 00:00:00+00:00,139.2575,Wednesday
2022-05-26 00:00:00+00:00,141.39111111111112,Thursday
2022-05-27 00:00:00+00:00,145.30833333333334,Friday
2022-05-28 00:00:00+00:00,149.625,Saturday
2022-05-29 00:00:00+00:00,149.58700000000002,Sunday
2022-05-30 00:00:00+00:00,149.58700000000002,Monday
2022-05-31 00:00:00+00:00,149.58700000000002,Tuesday
2022-06-01 00:00:00+00:00,149.09541666666667,Wednesday
2022-06-02 00:00:00+00:00,149.5875,Thursday
2022-06-03 00:00:00+00:00,147.22666666666666,Friday
2022-06-04 00:00:00+00:00,145.35,Saturday
2022-06-05 00:00:00+00:00,146.9622727272727,Sunday
2022-06-06 00:00:00+00:00,146.9622727272727,Monday
2022-06-07 00:00:00+00:00,145.73409090909092,Tuesday
2022-06-08 00:00:00+00:00,148.42708333333334,Wednesday
2022-06-09 00:00:00+00:00,146.9790909090909,Thursday
2022-06-10 00:00:00+00:00,141.2459090909091,Friday
2022-06-11 00:00:00+00:00,137.09,Saturday
2022-06-12 00:00:00+00:00,133.18272727272728,Sunday
2022-06-13 00:00:00+00:00,133.18272727272728,Monday
2022-06-14 00:00:00+00:00,132.73416666666665,Tuesday
2022-06-15 00:00:00+00:00,134.0075,Wednesday
2022-06-16 00:00:00+00:00,131.98958333333334,Thursday
2022-06-17 00:00:00+00:00,131.37181818181818,Friday
2022-06-18 00:00:00+00:00,131.44,Saturday
2022-06-19 00:00:00+00:00,134.448,Sunday
2022-06-20 00:00:00+00:00,134.448,Monday
2022-06-21 00:00:00+00:00,134.448,Tuesday
2022-06-22 00:00:00+00:00,134.56291666666667,Wednesday
2022-06-23 00:00:00+00:00,136.65625,Thursday
2022-06-24 00:00:00+00:00,139.5472727272727,Friday
2022-06-25 00:00:00+00:00,141.765,Saturday
2022-06-26 00:00:00+00:00,142.58772727272728,Sunday
2022-06-27 00:00:00+00:00,142.58772727272728,Monday
2022-06-28 00:00:00+00:00,141.05454545454543,Tuesday
2022-06-29 00:00:00+00:00,138.36818181818182,Wednesday
2022-06-30 00:00:00+00:00,137.12818181818182,Thursday
2022-07-01 00:00:00+00:00,136.32916666666668,Friday
2022-07-02 00:00:00+00:00,138.93,Saturday
2022-07-03 00:00:00+00:00,138.6695,Sunday
2022-07-04 00:00:00+00:00,138.6695,Monday
2022-07-05 00:00:00+00:00,138.6695,Tuesday
2022-07-06 00:00:00+00:00,141.26291666666665,Wednesday
2022-07-07 00:00:00+00:00,144.2345,Thursday
2022-07-08 00:00:00+00:00,146.1813636363636,Friday
2022-07-09 00:00:00+00:00,147.03,Saturday
2022-07-10 00:00:00+00:00,145.75400000000002,Sunday
2022-07-11 00:00:00+00:00,145.75400000000002,Monday
2022-07-12 00:00:00+00:00,145.99416666666667,Tuesday
2022-07-13 00:00:00+00:00,146.34181818181818,Wednesday
2022-07-14 00:00:00+00:00,145.49818181818182,Thursday
2022-07-15 00:00:00+00:00,148.79227272727272,Friday
2022-07-16 00:00:00+00:00,150.05,Saturday
2022-07-17 00:00:00+00:00,150.649,Sunday
2022-07-18 00:00:00+00:00,150.649,Monday
2022-07-19 00:00:00+00:00,148.44125,Tuesday
2022-07-20 00:00:00+00:00,151.95045454545453,Wednesday
2022-07-21 00:00:00+00:00,154.04454545454544,Thursday
2022-07-22 00:00:00+00:00,155.25454545454545,Friday
2022-07-23 00:00:00+00:00,154.15,Saturday
2022-07-24 00:00:00+00:00,154.066,Sunday
2022-07-25 00:00:00+00:00,154.066,Monday
2022-07-26 00:00:00+00:00,152.03636363636363,Tuesday
2022-07-27 00:00:00+00:00,153.30083333333332,Wednesday
2022-07-28 00:00:00+00:00,156.2125,Thursday
2022-07-29 00:00:00+00:00,161.53,Friday
2022-07-30 00:00:00+00:00,162.58,Saturday
2022-07-31 00:00:00+00:00,162.125,Sunday
2022-08-01 00:00:00+00:00,162.125,Monday
2022-08-02 00:00:00+00:00,160.66227272727272,Tuesday
2022-08-03 00:00:00+00:00,162.9,Wednesday
2022-08-04 00:00:00+00:00,165.685,Thursday
2022-08-05 00:00:00+00:00,165.169,Friday
2022-08-06 00:00:00+00:00,165.26,Saturday
2022-08-07 00:00:00+00:00,165.877,Sunday
2022-08-08 00:00:00+00:00,165.877,Monday
2022-08-09 00:00:00+00:00,164.38272727272727,Tuesday
2022-08-10 00:00:00+00:00,166.56833333333333,Wednesday
2022-08-11 00:00:00+00:00,169.5195,Thursday
2022-08-12 00:00:00+00:00,170.02416666666667,Friday
2022-08-13 00:00:00+00:00,171.99,Saturday
2022-08-14 00:00:00+00:00,172.05272727272728,Sunday
2022-08-15 00:00:00+00:00,172.05272727272728,Monday
2022-08-16 00:00:00+00:00,172.95166666666668,Tuesday
2022-08-17 00:00:00+00:00,173.17541666666668,Wednesday
2022-08-18 00:00:00+00:00,174.21863636363636,Thursday
2022-08-19 00:00:00+00:00,172.6255,Friday
2022-08-20 00:00:00+00:00,171.58,Saturday
2022-08-21 00:00:00+00:00,168.776,Sunday
2022-08-22 00:00:00+00:00,168.776,Monday
2022-08-23 00:00:00+00:00,167.8505,Tuesday
2022-08-24 00:00:00+00:00,167.93208333333334,Wednesday
2022-08-25 00:00:00+00:00,168.85545454545456,Thursday
2022-08-26 00:00:00+00:00,168.45625,Friday
2022-08-27 00:00:00+00:00,163.685,Saturday
2022-08-28 00:00:00+00:00,161.4059090909091,Sunday
2022-08-29 00:00:00+00:00,161.4059090909091,Monday
2022-08-30 00:00:00+00:00,160.84681818181818,Tuesday
2022-08-31 00:00:00+00:00,159.385,Wednesday
2022-09-01 00:00:00+00:00,156.36954545454546,Thursday
2022-09-02 00:00:00+00:00,158.55625,Friday
2022-09-03 00:00:00+00:00,155.845,Saturday
2022-09-04 00:00:00+00:00,156.1345,Sunday
2022-09-05 00:00:00+00:00,156.1345,Monday
2022-09-06 00:00:00+00:00,156.1345,Tuesday
2022-09-07 00:00:00+00:00,154.855,Wednesday
2022-09-08 00:00:00+00:00,155.06090909090906,Thursday
2022-09-09 00:00:00+00:00,156.00272727272727,Friday
2022-09-10 00:00:00+00:00,157.36,Saturday
2022-09-11 00:00:00+00:00,160.926,Sunday
2022-09-12 00:00:00+00:00,160.926,Monday
2022-09-13 00:00:00+00:00,161.61708333333334,Tuesday
2022-09-14 00:00:00+00:00,154.335,Wednesday
2022-09-15 00:00:00+00:00,154.25318181818182,Thursday
2022-09-16 00:00:00+00:00,150.40090909090907,Friday
2022-09-17 00:00:00+00:00,150.49,Saturday
2022-09-18 00:00:00+00:00,150.51681818181817,Sunday
2022-09-19 00:00:00+00:00,150.51681818181817,Monday
2022-09-20 00:00:00+00:00,154.94181818181818,Tuesday
2022-09-21 00:00:00+00:00,157.03375,Wednesday
2022-09-22 00:00:00+00:00,153.2590909090909,Thursday
2022-09-23 00:00:00+00:00,150.28541666666666,Friday
2022-09-24 00:00:00+00:00,150.54,Saturday
2022-09-25 00:00:00+00:00,150.3995,Sunday
2022-09-26 00:00:00+00:00,150.3995,Monday
2022-09-27 00:00:00+00:00,152.3925,Tuesday
2022-09-28 00:00:00+00:00,147.20227272727274,Wednesday
2022-09-29 00:00:00+00:00,145.21681818181818,Thursday
2022-09-30 00:00:00+00:00,141.64375,Friday
2022-10-01 00:00:00+00:00,138.38,Saturday
2022-10-02 00:00:00+00:00,139.7095,Sunday
2022-10-03 00:00:00+00:00,139.7095,Monday
2022-10-04 00:00:00+00:00,145.05916666666667,Tuesday
2022-10-05 00:00:00+00:00,145.04863636363638,Wednesday
2022-10-06 00:00:00+00:00,145.94208333333333,Thursday
2022-10-07 00:00:00+00:00,142.88681818181817,Friday
2022-10-08 00:00:00+00:00,140.18,Saturday
2022-10-09 00:00:00+00:00,140.2795,Sunday
2022-10-10 00:00:00+00:00,140.2795,Monday
2022-10-11 00:00:00+00:00,139.92083333333332,Tuesday
2022-10-12 00:00:00+00:00,139.6395,Wednesday
2022-10-13 00:00:00+00:00,139.7768181818182,Thursday
2022-10-14 00:00:00+00:00,141.128,Friday
2022-10-15 00:00:00+00:00,138.46,Saturday
2022-10-16 00:00:00+00:00,141.13227272727272,Sunday
2022-10-17 00:00:00+00:00,141.13227272727272,Monday
2022-10-18 00:00:00+00:00,144.33291666666665,Tuesday
2022-10-19 00:00:00+00:00,142.91227272727272,Wednesday
2022-10-20 00:00:00+00:00,143.92045454545453,Thursday
2022-10-21 00:00:00+00:00,143.9705,Friday
2022-10-22 00:00:00+00:00,147.33,Saturday
2022-10-23 00:00:00+00:00,148.0518181818182,Sunday
2022-10-24 00:00:00+00:00,148.0518181818182,Monday
2022-10-25 00:00:00+00:00,149.73125,Tuesday
2022-10-26 00:00:00+00:00,150.75750000000002,Wednesday
2022-10-27 00:00:00+00:00,146.901,Thursday
2022-10-28 00:00:00+00:00,149.41954545454544,Friday
2022-10-29 00:00:00+00:00,155.715,Saturday
2022-10-30 00:00:00+00:00,154.18099999999998,Sunday
2022-10-31 00:00:00+00:00,154.18099999999998,Monday
2022-11-01 00:00:00+00:00,153.34041666666667,Tuesday
2022-11-02 00:00:00+00:00,149.21958333333333,Wednesday
2022-11-03 00:00:00+00:00,141.85772727272726,Thursday
2022-11-04 00:00:00+00:00,139.14083333333335,Friday
2022-11-05 00:00:00+00:00,138.39,Saturday
2022-11-06 00:00:00+00:00,136.48833333333334,Sunday
2022-11-07 00:00:00+00:00,136.48833333333334,Monday
2022-11-08 00:00:00+00:00,139.44136363636363,Tuesday
2022-11-09 00:00:00+00:00,138.66115384615384,Wednesday
2022-11-10 00:00:00+00:00,137.17153846153846,Thursday
2022-11-11 00:00:00+00:00,146.99461538461537,Friday
2022-11-12 00:00:00+00:00,149.72333333333333,Saturday
2022-11-13 00:00:00+00:00,148.6195,Sunday
2022-11-14 00:00:00+00:00,148.6195,Monday
2022-11-15 00:00:00+00:00,150.54166666666666,Tuesday
2022-11-16 00:00:00+00:00,149.48884615384617,Wednesday
2022-11-17 00:00:00+00:00,147.93384615384616,Thursday
2022-11-18 00:00:00+00:00,151.26454545454544,Friday
2022-11-19 00:00:00+00:00,151.18666666666667,Saturday
2022-11-20 00:00:00+00:00,149.328,Sunday
2022-11-21 00:00:00+00:00,149.328,Monday
2022-11-22 00:00:00+00:00,148.52958333333333,Tuesday
2022-11-23 00:00:00+00:00,150.05954545454546,Wednesday
2022-11-24 00:00:00+00:00,150.81333333333336,Thursday
2022-11-25 00:00:00+00:00,148.89749999999998,Friday
2022-11-26 00:00:00+00:00,148.17,Saturday
2022-11-27 00:00:00+00:00,145.4059090909091,Sunday
2022-11-28 00:00:00+00:00,145.4059090909091,Monday
2022-11-29 00:00:00+00:00,144.07045454545454,Tuesday
2022-11-30 00:00:00+00:00,141.5425,Wednesday
2022-12-01 00:00:00+00:00,147.4953846153846,Thursday
2022-12-02 00:00:00+00:00,147.79541666666668,Friday
2022-12-03 00:00:00+00:00,147.04666666666665,Saturday
2022-12-04 00:00:00+00:00,147.5288888888889,Sunday
2022-12-05 00:00:00+00:00,147.5288888888889,Monday
2022-12-06 00:00:00+00:00,146.24458333333334,Tuesday
2022-12-07 00:00:00+00:00,141.41333333333333,Wednesday
2022-12-08 00:00:00+00:00,141.98107142857143,Thursday
2022-12-09 00:00:00+00:00,143.81923076923076,Friday
2022-12-10 00:00:00+00:00,143.39666666666668,Saturday
2022-12-11 00:00:00+00:00,142.38785714285714,Sunday
2022-12-12 00:00:00+00:00,142.38785714285714,Monday
2022-12-13 00:00:00+00:00,145.35227272727272,Tuesday
2022-12-14 00:00:00+00:00,145.26500000000001,Wednesday
2022-12-15 00:00:00+00:00,141.38346153846155,Thursday
2022-12-16 00:00:00+00:00,136.24692307692308,Friday
2022-12-17 00:00:00+00:00,134.405,Saturday
2022-12-18 00:00:00+00:00,134.6065,Sunday
2022-12-19 00:00:00+00:00,134.6065,Monday
2022-12-20 00:00:00+00:00,132.0309090909091,Tuesday
2022-12-21 00:00:00+00:00,133.51166666666668,Wednesday
2022-12-22 00:00:00+00:00,134.23807692307693,Thursday
2022-12-23 00:00:00+00:00,131.79384615384615,Friday
2022-12-24 00:00:00+00:00,131.57333333333335,Saturday
2022-12-25 00:00:00+00:00,131.18681818181815,Sunday
2022-12-26 00:00:00+00:00,131.18681818181815,Monday
2022-12-27 00:00:00+00:00,131.18681818181815,Tuesday
2022-12-28 00:00:00+00:00,129.36818181818182,Wednesday
2022-12-29 00:00:00+00:00,127.73678571428572,Thursday
2022-12-30 00:00:00+00:00,128.89291666666665,Friday
2022-12-31 00:00:00+00:00,128.84,Saturday
2023-01-01 00:00:00+00:00,129.00863636363636,Sunday
2023-01-02 00:00:00+00:00,129.00863636363636,Monday
2023-01-03 00:00:00+00:00,129.00863636363636,Tuesday
2023-01-04 00:00:00+00:00,125.98153846153846,Wednesday
2023-01-05 00:00:00+00:00,127.23461538461538,Thursday
2023-01-06 00:00:00+00:00,125.67807692307693,Friday
2023-01-07 00:00:00+00:00,129.41833333333332,Saturday
2023-01-08 00:00:00+00:00,131.081875,Sunday
2023-01-09 00:00:00+00:00,131.081875,Monday
2023-01-10 00:00:00+00:00,129.82714285714286,Tuesday
2023-01-11 00:00:00+00:00,131.0176923076923,Wednesday
2023-01-12 00:00:00+00:00,133.42964285714285,Thursday
2023-01-13 00:00:00+00:00,132.88,Friday
2023-01-14 00:00:00+00:00,133.43666666666664,Saturday
2023-01-15 00:00:00+00:00,134.92249999999999,Sunday
2023-01-16 00:00:00+00:00,134.92249999999999,Monday
2023-01-17 00:00:00+00:00,134.92249999999999,Tuesday
2023-01-18 00:00:00+00:00,136.38576923076923,Wednesday
2023-01-19 00:00:00+00:00,134.34192307692308,Thursday
2023-01-20 00:00:00+00:00,135.68769230769232,Friday
2023-01-21 00:00:00+00:00,136.42999999999998,Saturday
2023-01-22 00:00:00+00:00,139.1705,Sunday
2023-01-23 00:00:00+00:00,139.1705,Monday
2023-01-24 00:00:00+00:00,140.8890909090909,Tuesday
2023-01-25 00:00:00+00:00,141.175,Wednesday
2023-01-26 00:00:00+00:00,142.5246153846154,Thursday
2023-01-27 00:00:00+00:00,143.9696153846154,Friday
2023-01-28 00:00:00+00:00,145.465,Saturday
2023-01-29 00:00:00+00:00,144.418,Sunday
2023-01-30 00:00:00+00:00,144.418,Monday
2023-01-31 00:00:00+00:00,142.9819230769231,Tuesday
2023-02-01 00:00:00+00:00,143.65115384615385,Wednesday
2023-02-02 00:00:00+00:00,147.245,Thursday
2023-02-03 00:00:00+00:00,150.69307692307692,Friday
2023-02-04 00:00:00+00:00,152.68166666666667,Saturday
2023-02-05 00:00:00+00:00,152.798,Sunday
2023-02-06 00:00:00+00:00,152.798,Monday
2023-02-07 00:00:00+00:00,152.2319230769231,Tuesday
2023-02-08 00:00:00+00:00,153.14538461538461,Wednesday
2023-02-09 00:00:00+00:00,153.1596153846154,Thursday
2023-02-10 00:00:00+00:00,149.96178571428572,Friday
2023-02-11 00:00:00+00:00,150.19500000000002,Saturday
2023-02-12 00:00:00+00:00,152.16333333333333,Sunday
2023-02-13 00:00:00+00:00,152.16333333333333,Monday
2023-02-14 00:00:00+00:00,153.19015384615383,Tuesday
2023-02-15 00:00:00+00:00,153.19285714285712,Wednesday
2023-02-16 00:00:00+00:00,154.90166666666667,Thursday
2023-02-17 00:00:00+00:00,152.80416666666665,Friday
2023-02-18 00:00:00+00:00,152.05166666666665,Saturday
2023-02-19 00:00:00+00:00,150.38100000000003,Sunday
2023-02-20 00:00:00+00:00,150.38100000000003,Monday
2023-02-21 00:00:00+00:00,150.38100000000003,Tuesday
2023-02-22 00:00:00+00:00,148.96958333333333,Wednesday
2023-02-23 00:00:00+00:00,149.01291666666665,Thursday
2023-02-24 00:00:00+00:00,147.83541666666667,Friday
2023-02-25 00:00:00+00:00,146.5666666666667,Saturday
2023-02-26 00:00:00+00:00,147.495,Sunday
2023-02-27 00:00:00+00:00,147.495,Monday
2023-02-28 00:00:00+00:00,148.055,Tuesday
2023-03-01 00:00:00+00:00,147.6914285714286,Wednesday
2023-03-02 00:00:00+00:00,144.70000000000002,Thursday
2023-03-03 00:00:00+00:00,147.78916666666666,Friday
2023-03-04 00:00:00+00:00,149.705,Saturday
2023-03-05 00:00:00+00:00,154.0385,Sunday
2023-03-06 00:00:00+00:00,154.0385,Monday
2023-03-07 00:00:00+00:00,153.69541666666666,Tuesday
2023-03-08 00:00:00+00:00,152.23857142857145,Wednesday
2023-03-09 00:00:00+00:00,152.72307692307692,Thursday
2023-03-10 00:00:00+00:00,150.85184615384617,Friday
2023-03-11 00:00:00+00:00,148.4225,Saturday
2023-03-12 00:00:00+00:00,150.576,Sunday
2023-03-13 00:00:00+00:00,150.576,Monday
2023-03-14 00:00:00+00:00,151.639,Tuesday
2023-03-15 00:00:00+00:00,150.99636363636364,Wednesday
2023-03-16 00:00:00+00:00,153.0,Thursday
2023-03-17 00:00:00+00:00,156.10999999999999,Friday
2023-03-18 00:00:00+00:00,155.23,Saturday
2023-03-19 00:00:00+00:00,155.23,Sunday
2023-03-20 00:00:00+00:00,155.23,Monday
2023-03-21 00:00:00+00:00,157.57,Tuesday
2023-03-22 00:00:00+00:00,158.75,Wednesday
2023-03-23 00:00:00+00:00,159.30785714285713,Thursday
2023-03-24 00:00:00+00:00,158.15,Friday
2023-03-25 00:00:00+00:00,160.21,Saturday
2023-03-26 00:00:00+00:00,160.21,Sunday
2023-03-27 00:00:00+00:00,160.21,Monday
2023-03-28 00:00:00+00:00,157.7,Tuesday
2023-03-29 00:00:00+00:00,158.81,Wednesday
2023-03-30 00:00:00+00:00,161.19,Thursday
2023-03-31 00:00:00+00:00,162.30416666666667,Friday
2023-04-01 00:00:00+00:00,164.09,Saturday
2023-04-02 00:00:00+00:00,164.09,Sunday
2023-04-03 00:00:00+00:00,164.09,Monday
2023-04-04 00:00:00+00:00,166.72,Tuesday
2023-04-05 00:00:00+00:00,165.59,Wednesday
2023-04-06 00:00:00+00:00,163.0,Thursday
2023-04-07 00:00:00+00:00,162.43,Friday
2023-04-08 00:00:00+00:00,162.84,Saturday
2023-04-09 00:00:00+00:00,162.84,Sunday
2023-04-10 00:00:00+00:00,162.84,Monday
2023-04-11 00:00:00+00:00,161.87,Tuesday
2023-04-12 00:00:00+00:00,160.87000000000003,Wednesday
2023-04-13 00:00:00+00:00,161.22333333333333,Thursday
2023-04-14 00:00:00+00:00,164.61,Friday
2023-04-15 00:00:00+00:00,165.79,Saturday
2023-04-16 00:00:00+00:00,165.79,Sunday
2023-04-17 00:00:00+00:00,165.79,Monday
2023-04-18 00:00:00+00:00,166.35,Tuesday
2023-04-19 00:00:00+00:00,165.54,Wednesday
2023-04-20 00:00:00+00:00,165.77,Thursday
2023-04-21 00:00:00+00:00,163.99,Friday
2023-04-22 00:00:00+00:00,164.65,Saturday
2023-04-23 00:00:00+00:00,164.65,Sunday
2023-04-24 00:00:00+00:00,164.65,Monday
2023-04-25 00:00:00+00:00,164.87999999999997,Tuesday
2023-04-26 00:00:00+00:00,163.17,Wednesday
2023-04-27 00:00:00+00:00,165.2,Thursday
2023-04-28 00:00:00+00:00,167.66083333333333,Friday
2023-04-29 00:00:00+00:00,168.99,Saturday
2023-04-30 00:00:00+00:00,168.99,Sunday
2023-05-01 00:00:00+00:00,168.99,Monday
2023-05-02 00:00:00+00:00,169.73,Tuesday
2023-05-03 00:00:00+00:00,169.14,Wednesday
2023-05-04 00:00:00+00:00,164.99,Thursday
2023-05-05 00:00:00+00:00,170.5157142857143,Friday
2023-05-06 00:00:00+00:00,173.07,Saturday
2023-05-07 00:00:00+00:00,173.07,Sunday
2023-05-08 00:00:00+00:00,173.07,Monday
2023-05-09 00:00:00+00:00,172.72000000000003,Tuesday
2023-05-10 00:00:00+00:00,171.64,Wednesday
2023-05-11 00:00:00+00:00,173.51,Thursday
2023-05-12 00:00:00+00:00,173.55000000000004,Friday
2023-05-13 00:00:00+00:00,172.99,Saturday
2023-05-14 00:00:00+00:00,172.99,Sunday
2023-05-15 00:00:00+00:00,172.99,Monday
2023-05-16 00:00:00+00:00,171.98,Tuesday
2023-05-17 00:00:00+00:00,171.98,Wednesday
2023-05-18 00:00:00+00:00,172.88166666666666,Thursday
2023-05-19 00:00:00+00:00,175.63785714285714,Friday
2023-05-20 00:00:00+00:00,173.4,Saturday
2023-05-21 00:00:00+00:00,173.4,Sunday
2023-05-22 00:00:00+00:00,173.4,Monday
2023-05-23 00:00:00+00:00,173.15166666666667,Tuesday
2023-05-24 00:00:00+00:00,170.63833333333335,Wednesday
2023-05-25 00:00:00+00:00,171.13,Thursday
2023-05-26 00:00:00+00:00,173.72,Friday
2023-05-27 00:00:00+00:00,173.32,Saturday
2023-05-28 00:00:00+00:00,177.42,Sunday
2023-05-29 00:00:00+00:00,177.42,Monday
2023-05-30 00:00:00+00:00,177.42,Tuesday
2023-05-31 00:00:00+00:00,177.13,Wednesday
2023-06-01 00:00:00+00:00,177.85,Thursday
2023-06-02 00:00:00+00:00,181.35999999999999,Friday
2023-06-03 00:00:00+00:00,182.6057142857143,Saturday
2023-06-04 00:00:00+00:00,182.6057142857143,Sunday
2023-06-05 00:00:00+00:00,182.6057142857143,Monday
2023-06-06 00:00:00+00:00,178.81,Tuesday
2023-06-07 00:00:00+00:00,179.04,Wednesday
2023-06-08 00:00:00+00:00,177.74,Thursday
2023-06-09 00:00:00+00:00,180.81,Friday
2023-06-10 00:00:00+00:00,181.75,Saturday
2023-06-11 00:00:00+00:00,181.75,Sunday
2023-06-12 00:00:00+00:00,181.75,Monday
2023-06-13 00:00:00+00:00,182.39000000000001,Tuesday
2023-06-14 00:00:00+00:00,183.35,Wednesday
2023-06-15 00:00:00+00:00,183.2,Thursday
2023-06-16 00:00:00+00:00,185.80000000000004,Friday
2023-06-17 00:00:00+00:00,186.73,Saturday
2023-06-18 00:00:00+00:00,184.17,Sunday
2023-06-19 00:00:00+00:00,184.17,Monday
2023-06-20 00:00:00+00:00,184.17,Tuesday
2023-06-21 00:00:00+00:00,184.49750000000003,Wednesday
2023-06-22 00:00:00+00:00,183.35,Thursday
2023-06-23 00:00:00+00:00,186.16571428571427,Friday
2023-06-24 00:00:00+00:00,186.55000000000004,Saturday
2023-06-25 00:00:00+00:00,186.55000000000004,Sunday
2023-06-26 00:00:00+00:00,186.55000000000004,Monday
2023-06-27 00:00:00+00:00,186.02083333333334,Tuesday
2023-06-28 00:00:00+00:00,187.65,Wednesday
2023-06-29 00:00:00+00:00,189.81000000000003,Thursday
2023-06-30 00:00:00+00:00,191.48833333333334,Friday
2023-07-01 00:00:00+00:00,192.95428571428573,Saturday
2023-07-02 00:00:00+00:00,192.95428571428573,Sunday
2023-07-03 00:00:00+00:00,192.95428571428573,Monday
2023-07-04 00:00:00+00:00,193.78,Tuesday
2023-07-05 00:00:00+00:00,191.12,Wednesday
2023-07-06 00:00:00+00:00,190.05,Thursday
2023-07-07 00:00:00+00:00,191.66,Friday
2023-07-08 00:00:00+00:00,190.19,Saturday
2023-07-09 00:00:00+00:00,190.19,Sunday
2023-07-10 00:00:00+00:00,190.19,Monday
2023-07-11 00:00:00+00:00,189.39,Tuesday
2023-07-12 00:00:00+00:00,188.6883333333333,Wednesday
2023-07-13 00:00:00+00:00,190.83,Thursday
2023-07-14 00:00:00+00:00,189.96071428571426,Friday
2023-07-15 00:00:00+00:00,191.29,Saturday
2023-07-16 00:00:00+00:00,191.29,Sunday
2023-07-17 00:00:00+00:00,191.29,Monday
2023-07-18 00:00:00+00:00,193.83,Tuesday
2023-07-19 00:00:00+00:00,193.35,Wednesday
2023-07-20 00:00:00+00:00,194.41,Thursday
2023-07-21 00:00:00+00:00,193.60999999999999,Friday
2023-07-22 00:00:00+00:00,192.85,Saturday
2023-07-23 00:00:00+00:00,192.85,Sunday
2023-07-24 00:00:00+00:00,192.85,Monday
2023-07-25 00:00:00+00:00,193.65,Tuesday
2023-07-26 00:00:00+00:00,193.41,Wednesday
2023-07-27 00:00:00+00:00,196.165,Thursday
2023-07-28 00:00:00+00:00,194.69999999999996,Friday
2023-07-29 00:00:00+00:00,196.27,Saturday
2023-07-30 00:00:00+00:00,196.27,Sunday
2023-07-31 00:00:00+00:00,196.27,Monday
2023-08-01 00:00:00+00:00,195.97,Tuesday
2023-08-02 00:00:00+00:00,194.6757142857143,Wednesday
2023-08-03 00:00:00+00:00,191.71,Thursday
2023-08-04 00:00:00+00:00,186.07071428571427,Friday
2023-08-05 00:00:00+00:00,181.9842857142857,Saturday
2023-08-06 00:00:00+00:00,181.9842857142857,Sunday
2023-08-07 00:00:00+00:00,181.9842857142857,Monday
2023-08-08 00:00:00+00:00,178.57571428571427,Tuesday
2023-08-09 00:00:00+00:00,181.08,Wednesday
2023-08-10 00:00:00+00:00,178.85,Thursday
2023-08-11 00:00:00+00:00,178.05000000000004,Friday
2023-08-12 00:00:00+00:00,178.0875,Saturday
2023-08-13 00:00:00+00:00,178.0875,Sunday
2023-08-14 00:00:00+00:00,178.0875,Monday
2023-08-15 00:00:00+00:00,178.60999999999999,Tuesday
2023-08-16 00:00:00+00:00,177.69,Wednesday
2023-08-17 00:00:00+00:00,176.67,Thursday
2023-08-18 00:00:00+00:00,172.36,Friday
2023-08-19 00:00:00+00:00,175.41,Saturday
2023-08-20 00:00:00+00:00,175.41,Sunday
2023-08-21 00:00:00+00:00,175.41,Monday
2023-08-22 00:00:00+00:00,176.97,Tuesday
2023-08-23 00:00:00+00:00,177.62999999999997,Wednesday
2023-08-24 00:00:00+00:00,181.49,Thursday
2023-08-25 00:00:00+00:00,177.15,Friday
2023-08-26 00:00:00+00:00,179.1,Saturday
2023-08-27 00:00:00+00:00,179.1,Sunday
2023-08-28 00:00:00+00:00,179.1,Monday
2023-08-29 00:00:00+00:00,180.34166666666667,Tuesday
2023-08-30 00:00:00+00:00,184.15,Wednesday
2023-08-31 00:00:00+00:00,188.27,Thursday
2023-09-01 00:00:00+00:00,188.61,Friday
2023-09-02 00:00:00+00:00,189.485,Saturday
2023-09-03 00:00:00+00:00,187.885,Sunday
2023-09-04 00:00:00+00:00,187.885,Monday
2023-09-05 00:00:00+00:00,187.885,Tuesday
2023-09-06 00:00:00+00:00,188.37,Wednesday
2023-09-07 00:00:00+00:00,177.75142857142856,Thursday
2023-09-08 00:00:00+00:00,177.09,Friday
2023-09-09 00:00:00+00:00,179.86666666666667,Saturday
2023-09-10 00:00:00+00:00,179.86666666666667,Sunday
2023-09-11 00:00:00+00:00,179.86666666666667,Monday
2023-09-12 00:00:00+00:00,179.57916666666665,Tuesday
2023-09-13 00:00:00+00:00,176.79,Wednesday
2023-09-14 00:00:00+00:00,174.67,Thursday
2023-09-15 00:00:00+00:00,176.13,Friday
2023-09-16 00:00:00+00:00,174.87000000000003,Saturday
2023-09-17 00:00:00+00:00,174.87000000000003,Sunday
2023-09-18 00:00:00+00:00,174.87000000000003,Monday
2023-09-19 00:00:00+00:00,178.58,Tuesday
2023-09-20 00:00:00+00:00,178.71,Wednesday
2023-09-21 00:00:00+00:00,174.57,Thursday
2023-09-22 00:00:00+00:00,175.09,Friday
2023-09-23 00:00:00+00:00,174.69357142857143,Saturday
2023-09-24 00:00:00+00:00,174.69357142857143,Sunday
2023-09-25 00:00:00+00:00,174.69357142857143,Monday
2023-09-26 00:00:00+00:00,175.44999999999996,Tuesday
2023-09-27 00:00:00+00:00,172.63,Wednesday
2023-09-28 00:00:00+00:00,169.79,Thursday
2023-09-29 00:00:00+00:00,171.68999999999997,Friday
2023-09-30 00:00:00+00:00,171.41,Saturday
2023-10-01 00:00:00+00:00,171.41,Sunday
2023-10-02 00:00:00+00:00,171.41,Monday
2023-10-03 00:00:00+00:00,172.69,Tuesday
2023-10-04 00:00:00+00:00,171.17,Wednesday
2023-10-05 00:00:00+00:00,173.99,Thursday
2023-10-06 00:00:00+00:00,175.11,Friday
2023-10-07 00:00:00+00:00,176.19428571428574,Saturday
2023-10-08 00:00:00+00:00,176.19428571428574,Sunday
2023-10-09 00:00:00+00:00,176.19428571428574,Monday
2023-10-10 00:00:00+00:00,177.79,Tuesday
2023-10-11 00:00:00+00:00,178.45,Wednesday
2023-10-12 00:00:00+00:00,180.49,Thursday
2023-10-13 00:00:00+00:00,180.21,Friday
2023-10-14 00:00:00+00:00,177.26,Saturday
2023-10-15 00:00:00+00:00,177.26,Sunday
2023-10-16 00:00:00+00:00,177.26,Monday
2023-10-17 00:00:00+00:00,178.16,Tuesday
2023-10-18 00:00:00+00:00,175.62000000000003,Wednesday
2023-10-19 00:00:00+00:00,175.29,Thursday
2023-10-20 00:00:00+00:00,175.08,Friday
2023-10-21 00:00:00+00:00,170.79,Saturday
2023-10-22 00:00:00+00:00,170.79,Sunday
2023-10-23 00:00:00+00:00,170.79,Monday
2023-10-24 00:00:00+00:00,173.33,Tuesday
2023-10-25 00:00:00+00:00,172.67,Wednesday
2023-10-26 00:00:00+00:00,169.59,Thursday
2023-10-27 00:00:00+00:00,166.49,Friday
2023-10-28 00:00:00+00:00,169.06,Saturday
2023-10-29 00:00:00+00:00,169.06,Sunday
2023-10-30 00:00:00+00:00,169.06,Monday
2023-10-31 00:00:00+00:00,169.6,Tuesday
2023-11-01 00:00:00+00:00,169.67,Wednesday
2023-11-02 00:00:00+00:00,175.67,Thursday
2023-11-03 00:00:00+00:00,173.75,Friday
2023-11-04 00:00:00+00:00,174.24,Saturday
2023-11-05 00:00:00+00:00,178.42999999999998,Sunday
2023-11-06 00:00:00+00:00,178.42999999999998,Monday
2023-11-07 00:00:00+00:00,178.5142857142857,Tuesday
2023-11-08 00:00:00+00:00,181.51999999999998,Wednesday
2023-11-09 00:00:00+00:00,182.38428571428568,Thursday
2023-11-10 00:00:00+00:00,182.86374999999998,Friday
2023-11-11 00:00:00+00:00,183.97,Saturday
2023-11-12 00:00:00+00:00,186.11,Sunday
2023-11-13 00:00:00+00:00,186.11,Monday
2023-11-14 00:00:00+00:00,186.35375,Tuesday
